actor,movie_or_TV_name
Masashi Nogawa,The Demon Girl Next Door
Masashi Nogawa,The World's Finest Assassin Gets Reincarnated in Another World as an Aristocrat
Masashi Nogawa,That Time I Got Reincarnated as a Slime: Isekai Memories
Masashi Nogawa,Tawawa on Monday
Masashi Nogawa,Tsukimichi: Moonlit Fantasy
Masashi Nogawa,Vivy: Fluorite Eye's Song
Masashi Nogawa,The Way of the Househusband
Masashi Nogawa,Tensura Nikki: Tensei shitara Slime Datta Ken
Masashi Nogawa,Suppose a Kid from the Last Dungeon Boonies moved to a starter town?
Masashi Nogawa,That Time I Got Reincarnated as a Slime
Masashi Nogawa,By the Grace of the Gods
Masashi Nogawa,Golden Kamuy
Masashi Nogawa,Fruits Basket
Masashi Nogawa,Tensei Shitara Slime Datta Ken Gaiden: Rimuru no kareina kyoushi sekikatsu sono 1
Masashi Nogawa,Devil May Cry 5
Masashi Nogawa,Boruto: Naruto Next Generations
Masashi Nogawa,Boarding School Juliet
Masashi Nogawa,Overlord
Masashi Nogawa,A Place Further Than the Universe
Masashi Nogawa,Food Wars
Masashi Nogawa,Sakura Quest
Masashi Nogawa,Princess Principal
Masashi Nogawa,Berserk
Masashi Nogawa,Gintama
Masashi Nogawa,Ajin
Masashi Nogawa,Active Raid
Masashi Nogawa,Mobile Suit Gundam: Iron-Blooded Orphans
Masashi Nogawa,Is It Wrong to Try to Pick Up Girls in a Dungeon?
Masashi Nogawa,Your Lie in April
Masashi Nogawa,Maria the Virgin Witch
Masashi Nogawa,Zankyou No Terror
Masashi Nogawa,Aldnoah.Zero
Masashi Nogawa,Akame ga Kill!
Masashi Nogawa,Blade Dance of the Elementalers
Masashi Nogawa,Blade & Soul
Masashi Nogawa,Nanana's Buried Treasure
Masashi Nogawa,Thermae Romae II
Masashi Nogawa,Nagi-Asu: A Lull in the Sea
Masashi Nogawa,Coppelion
Masashi Nogawa,Kinmoza!
Masashi Nogawa,The Pet Girl of Sakurasou
Masashi Nogawa,Oreshura
Masashi Nogawa,The Troubled Life of Miss Kotoura
Masashi Nogawa,Berserk: The Golden Age Arc I - The Egg of the King
Masashi Nogawa,Seitokai yakuindomo
Inori Minase,The DioField Chronicle
Inori Minase,Drifting Home
Inori Minase,Gekijouban Isekai Quartet: Another World
Inori Minase,The Quintessential Quintuplets Movie
Inori Minase,Kikai Sentai Zenkaiger vs Kiramager vs Senpaiger
Inori Minase,How a Realist Hero Rebuilt the Kingdom
Inori Minase,Aharen-san wa Hakarenai
Inori Minase,The Case Study of Vanitas
Inori Minase,My Next Life as a Villainess: All Routes Lead to Doom! The Pirate Who Summons Trouble
Inori Minase,Takt Op. Destiny
Inori Minase,The Heike Story
Inori Minase,Sword Art Online: Progressive - Aria of a Starless Night
Inori Minase,Demon Slayer: Kimetsu no Yaiba
Inori Minase,The Duke of Death and His Maid
Inori Minase,Otome Game no Hametsu Flag shika Nai Akuyaku Reijou ni Tensei shiteshimatta...
Inori Minase,Osamake: Romcom Where the Childhood Friend Won't Lose
Inori Minase,Knights of Sidonia: Love Woven in the Stars
Inori Minase,Mashin Sentai Kiramager vs Ryusoulger
Inori Minase,The Quintessential Quintuplets
Inori Minase,Mashin Sentai Kiramager
Inori Minase,Mashin Sentai Kiramager: Bee-Bop Dream
Inori Minase,Yashahime: Princess Half-Demon
Inori Minase,One Room
Inori Minase,Assault Lily: Bouquet
Inori Minase,Sleepy Princess in the Demon Castle
Inori Minase,Is It Wrong to Try to Pick Up Girls in a Dungeon?
Inori Minase,Tales of the Rays: Last Cradle
Inori Minase,"Re: Zero, Starting Life in Another World"
Inori Minase,Exos Heroes
Inori Minase,"Mashin Sentai Kiramager: Ep. 1&2 Unreleased Cut, Warehouse Release, Start Dash Once Again Special"
Inori Minase,Isekai Quartet
Inori Minase,Somali and the Forest Spirit
Inori Minase,Mashin Sentai Kiramager Episode Zero: Hero Interviews
Inori Minase,Mashin Sentai Kiramager: Episode Zero
Inori Minase,Made in Abyss: Dawn of the Deep Soul
Inori Minase,Tokyo Mirage Sessions #FE Encore
Inori Minase,Z/X: Code Reunion
Inori Minase,No Guns Life
Inori Minase,Lord El-Melloi II's Case Files: Rail Zeppelin Grace Note
Inori Minase,Rascal Does Not Dream of Bunny Girl Senpai The Movie
Inori Minase,For Whom the Alchemist Exists: The Movie
Inori Minase,Endro~!
Inori Minase,Saint Seiya: Saintia Shô
Inori Minase,Is It Wrong to Try to Pick Up Girls in a Dungeon - Arrow of the Orion
Inori Minase,The Relative Worlds
Inori Minase,Made in Abyss: Wandering Twilight
Inori Minase,Hangyakusei Million Arthur
Inori Minase,Rascal Does Not Dream of Bunny Girl Senpai
Inori Minase,Merc Storia: Yujutsushi to Suzu no Shirabe
Inori Minase,Dragalia Lost
Inori Minase,The Legend of Heroes: Trails of Cold Steel IV
Inori Minase,Lupin III
Inori Minase,Grand Blue
Inori Minase,"Masamune-kun no Revenge: Uchi no mama ni kagitte/Tsunade tou, futatabi./12-ji o sugita cinderella"
Inori Minase,FLCL Progressive
Inori Minase,Tada Never Falls in Love
Inori Minase,A Place Further Than the Universe
Inori Minase,Princess Connect Re: Dive
Inori Minase,Pop Team Epic
Inori Minase,Onmyoji
Inori Minase,Basilisk: The Ouka Ninja Scrolls
Inori Minase,Katana Maidens
Inori Minase,Girls' Last Tour
Inori Minase,Xenoblade Chronicles 2
Inori Minase,Is the Order a Rabbit?? ~ Dear My Sister ~
Inori Minase,Kino's Journey: The Beautiful World - The Animated Series
Inori Minase,Anime-Gataris
Inori Minase,The Legend of Heroes: Trails of Cold Steel III
Inori Minase,Tsuredure Children
Inori Minase,Re: Creators
Inori Minase,Sakura Quest
Inori Minase,Mitrasphere
Inori Minase,WorldEnd: What Do You Do at the End of the World? Are You Busy? Will You Save Us?
Inori Minase,DanMachi: Is It Wrong to Try to Pick Up Girls in a Dungeon? On the Side - Sword Oratoria
Inori Minase,Gabriel DropOut
Inori Minase,Masamune-kun's Revenge
Inori Minase,ViVid Strike!
Inori Minase,Nobunaga No Shinobi
Inori Minase,Danganronpa 3: The End of Kibougamine Gakuen - Mirai-hen
Inori Minase,Danganronpa 3: The End of Kibougamine Gakuen - Zetsubou-hen
Inori Minase,Luck & Logic
Inori Minase,Alderamin on the Sky
Inori Minase,ReLIFE
Inori Minase,And You Thought There Is Never a Girl Online?
Inori Minase,Utawarerumono: The False Faces
Inori Minase,Snow White with the Red Hair
Inori Minase,Is the Order a Rabbit?
Inori Minase,Tokyo Mirage Sessions #FE
Inori Minase,Aria the Scarlet Ammo AA
Inori Minase,Comet Lucifer
Inori Minase,"Actually, I Am..."
Inori Minase,School-Live!
Inori Minase,Utawarerumono: Mask of Deception
Inori Minase,The Anthem of the Heart
Inori Minase,Senki Zessho Symphogear GX
Inori Minase,Megadimension Neptunia VII
Inori Minase,Aldnoah.Zero
Inori Minase,Your Lie in April
Inori Minase,Omega Quintet
Inori Minase,Locodol
Inori Minase,Celestial Method
Inori Minase,Atelier Escha & Logy: Alchemists of the Dusk Sky
Inori Minase,Granblue Fantasy
Inori Minase,Ar Nosurge: Ode to an Unborn Star
Inori Minase,Toei Robot Girls Z
Inori Minase,"Inari, Konkon, Koi Iroha"
Inori Minase,Love Lab
Inori Minase,Amachan
Inori Minase,BlazBlue: Chrono Phantasma
Inori Minase,Uta no prince-sama - maji love 1000%
Inori Minase,Occult Academy
Inori Minase,How a Realist Hero Rebuilt the Kingdom
Inori Minase,The Duke of Death and His Maid
Inori Minase,Osamake: Romcom Where the Childhood Friend Won't Lose
Inori Minase,The Quintessential Quintuplets
Inori Minase,Mashin Sentai Kiramager
Inori Minase,Endro~!
Inori Minase,One Room
Inori Minase,Tsuredure Children
Inori Minase,"Re: Zero, Starting Life in Another World"
Inori Minase,Is the Order a Rabbit?
Inori Minase,How a Realist Hero Rebuilt the Kingdom
Inori Minase,Sleepy Princess in the Demon Castle
Inori Minase,Somali and the Forest Spirit
Inori Minase,Rascal Does Not Dream of Bunny Girl Senpai The Movie
Inori Minase,The Quintessential Quintuplets
Inori Minase,Rascal Does Not Dream of Bunny Girl Senpai
Inori Minase,Saint Seiya: Saintia Shô
Inori Minase,A Place Further Than the Universe
Inori Minase,Girls' Last Tour
Inori Minase,Tsuredure Children
Inori Minase,Is It Wrong to Try to Pick Up Girls in a Dungeon?
Inori Minase,"Re: Zero, Starting Life in Another World"
Inori Minase,Is the Order a Rabbit?
Inori Minase,Tokyo Mirage Sessions #FE
Inori Minase,The Anthem of the Heart
Inori Minase,Songs of Tokyo
Inori Minase,Songs of Tokyo Festival 2020
Inori Minase,Songs of Tokyo
Inori Minase,VS Arashi
Inori Minase,Mashin Sentai Kiramager: Kira Talk!
Mikako Komatsu,The Seven Deadly Sins: Grudge of Edinburgh
Mikako Komatsu,Fuuto PI
Mikako Komatsu,Yashahime: Princess Half-Demon
Mikako Komatsu,Jujutsu Kaisen 0: The Movie
Mikako Komatsu,Puraore! Pride of Orange
Mikako Komatsu,The Great Jahy Will Not Be Defeated!
Mikako Komatsu,The Aquatope on White Sand
Mikako Komatsu,Irina: The Vampire Cosmonaut
Mikako Komatsu,Demon Slayer: The Hinokami Chronicles
Mikako Komatsu,Edens Zero
Mikako Komatsu,Sing a Bit of Harmony
Mikako Komatsu,Magia Record: Puella Magi Madoka Magica Side Story
Mikako Komatsu,The Case Study of Vanitas
Mikako Komatsu,Kageki Shojo!!
Mikako Komatsu,"Don't Toy with Me, Miss Nagatoro"
Mikako Komatsu,The Seven Deadly Sins
Mikako Komatsu,"Farewell, My Dear Cramer"
Mikako Komatsu,Vivy: Fluorite Eye's Song
Mikako Komatsu,Mazica Party
Mikako Komatsu,Jujutsu Kaisen
Mikako Komatsu,Girls und Panzer das Finale: Part III
Mikako Komatsu,Armor Shop for Ladies and Gentlemen
Mikako Komatsu,Dragon Quest: The Adventure of Dai
Mikako Komatsu,Ex-Arm
Mikako Komatsu,That Time I Got Reincarnated as a Slime
Mikako Komatsu,Iwa Kakeru! Sport Climbing Girls
Mikako Komatsu,Neptunia reVerse
Mikako Komatsu,Fate/Grand Order the Movie: Divine Realm of the Round Table: Camelot
Mikako Komatsu,Is It Wrong to Try to Pick Up Girls in a Dungeon?
Mikako Komatsu,Pretty Cure Miracle Leap the Movie
Mikako Komatsu,Kamen Rider: Memory of Heroez
Mikako Komatsu,Tales of the Rays: Last Cradle
Mikako Komatsu,Warlords of Sigrdrifa
Mikako Komatsu,"Re: Zero, Starting Life in Another World"
Mikako Komatsu,Happy-Go-Lucky Days
Mikako Komatsu,Tales of Crestoria
Mikako Komatsu,Arte
Mikako Komatsu,The Eighth Son? That Can't Be Right!
Mikako Komatsu,Seiken densetsu 3: Trials of Mana
Mikako Komatsu,Food Wars
Mikako Komatsu,Isekai Quartet
Mikako Komatsu,Keep Your Hands Off Eizouken!
Mikako Komatsu,Star Twinkle PreCure
Mikako Komatsu,Dr. Stone
Mikako Komatsu,Star Twinkle PreCure the Movie: These Feelings Within The Song Of Stars
Mikako Komatsu,Ys IX: Monstrum Nox
Mikako Komatsu,Fate/Grand Order - Absolute Demonic Front: Babylonia
Mikako Komatsu,Demon Slayer: Kimetsu no Yaiba
Mikako Komatsu,Revisions
Mikako Komatsu,Kaguya-sama: Love is War
Mikako Komatsu,Hinomaru Sumo
Mikako Komatsu,Is It Wrong to Try to Pick Up Girls in a Dungeon - Arrow of the Orion
Mikako Komatsu,Eromanga Sensei OVA
Mikako Komatsu,Kemurikusa.
Mikako Komatsu,Zoids Wild
Mikako Komatsu,Overlord: Pure Pure Pleiades
Mikako Komatsu,Hanebado: The Badminton Play of Ayano Hanesaki!
Mikako Komatsu,Yuragi-sou no Yuuna-san
Mikako Komatsu,Dragalia Lost
Mikako Komatsu,Overlord
Mikako Komatsu,The Young Innkeeper Is a Grade Schooler!
Mikako Komatsu,Cells at Work!
Mikako Komatsu,Tsukumogami Kashimasu
Mikako Komatsu,The Disastrous Life of Saiki K.
Mikako Komatsu,Tachibanakan Triangle
Mikako Komatsu,Okko's Inn
Mikako Komatsu,Sword Art Online Alternative: Gun Gale Online
Mikako Komatsu,Hinamatsuri
Mikako Komatsu,High School DxD
Mikako Komatsu,A Place Further Than the Universe
Mikako Komatsu,Hyrule Warriors: Definitive Edition
Mikako Komatsu,Takunomi
Mikako Komatsu,Hakumei and Mikochi
Mikako Komatsu,Princess Connect Re: Dive
Mikako Komatsu,Tales of the Rays: Mirrage Prison
Mikako Komatsu,Pop Team Epic
Mikako Komatsu,Land of the Lustrous
Mikako Komatsu,Children of the Whales
Mikako Komatsu,Sakura Quest
Mikako Komatsu,Re: Creators
Mikako Komatsu,Nights of Azure 2: Bride of the New Moon
Mikako Komatsu,Gundam Build Fighters: Battlogue
Mikako Komatsu,Atom the Beginning
Mikako Komatsu,DanMachi: Is It Wrong to Try to Pick Up Girls in a Dungeon? On the Side - Sword Oratoria
Mikako Komatsu,Radiant Historia: Perfect Chronology
Mikako Komatsu,Gundam Build Fighters: GM's Counterattack
Mikako Komatsu,Tales of Zestiria the X
Mikako Komatsu,Blue Reflection
Mikako Komatsu,Hand Shakers
Mikako Komatsu,Danganronpa V3: Killing Harmony
Mikako Komatsu,Nyanko Days
Mikako Komatsu,Fuuka
Mikako Komatsu,Magia Record: Puella Magi Madoka Magica Side Story
Mikako Komatsu,Ajin
Mikako Komatsu,Case Closed: Episode One - The Great Detective Turned Small
Mikako Komatsu,Eiyuu Kaitai
Mikako Komatsu,Bubuki buranki
Mikako Komatsu,ClassicaLoid
Mikako Komatsu,Flip Flappers
Mikako Komatsu,Miss Bernard Said
Mikako Komatsu,Ajin Part 3: Shougeki
Mikako Komatsu,This Art Club Has a Problem!
Mikako Komatsu,Taboo Tattoo
Mikako Komatsu,Ajin Part 2: Shoutotsu
Mikako Komatsu,"Grimgar, Ashes and Illusions"
Mikako Komatsu,Snow White with the Red Hair
Mikako Komatsu,Dimension W
Mikako Komatsu,Hyrule Warriors Legends
Mikako Komatsu,Girls und Panzer der Film
Mikako Komatsu,Ajin Part 1: Shoudou
Mikako Komatsu,Danchigai
Mikako Komatsu,Gangsta.
Mikako Komatsu,Aoharu × Machinegun
Mikako Komatsu,Fate/Grand Order
Mikako Komatsu,Ushio & Tora
Mikako Komatsu,Nisekoi
Mikako Komatsu,Tesagure! Bukatsu-mono
Mikako Komatsu,My Teen Romantic Comedy SNAFU
Mikako Komatsu,Plastic Memories
Mikako Komatsu,Maria the Virgin Witch
Mikako Komatsu,Aldnoah.Zero
Mikako Komatsu,Dragon Quest Heroes: The World Tree's Woe and the Blight Below
Mikako Komatsu,Tales of Zestiria: Alisha's Conviction
Mikako Komatsu,Tales of Zestiria
Mikako Komatsu,Koufuku Graffiti
Mikako Komatsu,Hyperdimension Neptunia Re;Birth 3: V Generation
Mikako Komatsu,Lord Marksman and Vanadis
Mikako Komatsu,Celestial Method
Mikako Komatsu,Hyrule Warriors
Mikako Komatsu,Blue Spring Ride
Mikako Komatsu,Akame ga Kill!
Mikako Komatsu,K: Missing Kings
Mikako Komatsu,Soul Eater Not!
Mikako Komatsu,Magica Wars
Mikako Komatsu,Nagi-Asu: A Lull in the Sea
Mikako Komatsu,Pokémon: Mega Evolution
Mikako Komatsu,Hyperdimension Neptunia Re;Birth 2: Sisters Generation
Mikako Komatsu,Granblue Fantasy
Mikako Komatsu,Gekijouban Puritîrizumu ôru sutâ serekushon: Purizumu shô besuto ten
Mikako Komatsu,Tales of Link
Mikako Komatsu,Bodacious Space Pirates: Abyss of Hyperspace
Mikako Komatsu,Noragami
Mikako Komatsu,Hyperdimension Neptunia Re;Birth 1
Mikako Komatsu,Gundam Build Fighters
Mikako Komatsu,Hôseki no Kuni
Mikako Komatsu,Transformers: Go!
Mikako Komatsu,The Garden of Words
Mikako Komatsu,Girls und Panzer
Mikako Komatsu,"Say ""I love you"""
Mikako Komatsu,K: Return of Kings
Mikako Komatsu,Bodacious Space Pirates
Mikako Komatsu,Eternal Quon 6: Eternal Quon
Mikako Komatsu,Eternal Quon 5: The Return of the Invincible
Mikako Komatsu,Eternal Quon 4: The Roaring Anxiety
Mikako Komatsu,Eternal Quon 3: The Complicity of Dreams
Mikako Komatsu,Eternal Quon 2: Dancing Orchid in Chaos
Mikako Komatsu,Eternal Quon 1: The Ephemeral Petal
Mikako Komatsu,Heroman
Mikako Komatsu,"Don't Toy with Me, Miss Nagatoro"
Mikako Komatsu,Danchigai
Mikako Komatsu,"Farewell, My Dear Cramer"
Mikako Komatsu,Welcome to the Ballroom
Mikako Komatsu,Nisekoi
Mikako Komatsu,Bodacious Space Pirates: Abyss of Hyperspace
Mikako Komatsu,Sunday Without God
Mikako Komatsu,K: Return of Kings
Mikako Komatsu,Bodacious Space Pirates
Mikako Komatsu,VS Arashi
Yoshitsugu Matsuoka,The Quintessential Quintuplets Movie
Yoshitsugu Matsuoka,Deaimon: Recipe for Happiness
Yoshitsugu Matsuoka,Chocobo GP
Yoshitsugu Matsuoka,Demon Slayer: Kimetsu no Yaiba
Yoshitsugu Matsuoka,Sasaki to Miyano
Yoshitsugu Matsuoka,Jujutsu Kaisen 0: The Movie
Yoshitsugu Matsuoka,My Next Life as a Villainess: All Routes Lead to Doom! The Pirate Who Summons Trouble
Yoshitsugu Matsuoka,Sword Art Online: Progressive - Aria of a Starless Night
Yoshitsugu Matsuoka,Pokémon Evolutions
Yoshitsugu Matsuoka,Demon Slayer: The Hinokami Chronicles
Yoshitsugu Matsuoka,The Vampire Dies in No Time
Yoshitsugu Matsuoka,Seirei Gensouki: Spirit Chronicles
Yoshitsugu Matsuoka,The Detective Is Already Dead
Yoshitsugu Matsuoka,Otome Game no Hametsu Flag shika Nai Akuyaku Reijou ni Tensei shiteshimatta...
Yoshitsugu Matsuoka,Tales of Arise
Yoshitsugu Matsuoka,Voice: Emergency Control Room 110
Yoshitsugu Matsuoka,Osamake: Romcom Where the Childhood Friend Won't Lose
Yoshitsugu Matsuoka,Full Dive: This Ultimate Next-Gen Full Dive RPG Is Even Shittier Than Real Life!
Yoshitsugu Matsuoka,Record of Ragnarok
Yoshitsugu Matsuoka,Hori-san to Miyamura-kun
Yoshitsugu Matsuoka,My Hero Academia
Yoshitsugu Matsuoka,Tokyo Revengers
Aya Endô,Date a Live
Yoshitsugu Matsuoka,The Quintessential Quintuplets
Yoshitsugu Matsuoka,Jujutsu Kaisen
Yoshitsugu Matsuoka,Sailor Moon Eternal
Yoshitsugu Matsuoka,Kyoshin to Hyouka no Shiro
Yoshitsugu Matsuoka,Sleepy Princess in the Demon Castle
Yoshitsugu Matsuoka,Golden Kamuy
Yoshitsugu Matsuoka,Is It Wrong to Try to Pick Up Girls in a Dungeon?
Yoshitsugu Matsuoka,Tales of the Rays: Last Cradle
Yoshitsugu Matsuoka,Demon Slayer the Movie: Mugen Train
Yoshitsugu Matsuoka,Genshin Impact
Yoshitsugu Matsuoka,Food Wars
Yoshitsugu Matsuoka,Super HxEros
Yoshitsugu Matsuoka,Sword Art Online
Yoshitsugu Matsuoka,The Stranger by the Beach
Yoshitsugu Matsuoka,Sword Art Online: Alicization Lycoris
Yoshitsugu Matsuoka,Exos Heroes
Yoshitsugu Matsuoka,The Millionaire Detective: Balance - Unlimited
Yoshitsugu Matsuoka,Hatena Illusion
Yoshitsugu Matsuoka,Shirobako: The Movie
Yoshitsugu Matsuoka,Isekai Quartet
Yoshitsugu Matsuoka,Fire Force
Aya Endô,Ninjala Anime
Aya Endô,The Irregular at Magic High School: Reminiscence Arc
Aya Endô,Jujutsu Kaisen 0: The Movie
Aya Endô,Boruto: Naruto Next Generations
Aya Endô,Love Live! Superstar!!
Aya Endô,Fruits Basket
Aya Endô,Fate/Grand Order the Movie: Divine Realm of the Round Table: Camelot
Aya Endô,Jujutsu Kaisen
Aya Endô,Shuta Sueyoshi with Totoko Nya & Matsunoke 6-kyoudai: Max Charm Faces - Kanojo wa saikou!!!!!!!
Aya Endô,Osomatsu-san
Aya Endô,Sword Art Online
Aya Endô,Violet Evergarden: The Movie
Aya Endô,Fate/Grand Order - Absolute Demonic Front: Babylonia
Aya Endô,ID:Invaded
Aya Endô,Plunderer
Aya Endô,The Legend of the Galactic Heroes: Die Neue These Seiran 2
Aya Endô,Pokémon Masters
Aya Endô,Violet Evergarden: Eternity and the Auto Memories Doll
Aya Endô,Osomatsusan the Movie
Aya Endô,Conception: Please Give Birth to My Child!
Aya Endô,Gaikotsu Shotenin Honda-san
Aya Endô,Rascal Does Not Dream of Bunny Girl Senpai
Aya Endô,Goblin Slayer
Aya Endô,Mobile Suit Gundam: NT - Narrative
Aya Endô,Cells at Work!
Yoshitsugu Matsuoka,Hi Score Girl
Yoshitsugu Matsuoka,Tokunana
Yoshitsugu Matsuoka,Kengan Ashura
Yoshitsugu Matsuoka,Saekano: How to Raise a Boring Girlfriend Fine
Yoshitsugu Matsuoka,Lord El-Melloi II's Case Files: Rail Zeppelin Grace Note
Yoshitsugu Matsuoka,Mob Psycho 100 II: The First Spirits and Such Company Trip ~A Journey that Mends the Heart and Heals the Soul~
Yoshitsugu Matsuoka,Pokémon Masters
Yoshitsugu Matsuoka,The Rising of the Shield Hero
Yoshitsugu Matsuoka,Mob Psycho 100
Yoshitsugu Matsuoka,Trinity Seven The Movie 2: Heavens Library & Crimson Lord
Yoshitsugu Matsuoka,Atelier Lulua: The Scion of Arland
Yoshitsugu Matsuoka,Is It Wrong to Try to Pick Up Girls in a Dungeon - Arrow of the Orion
Yoshitsugu Matsuoka,Eromanga Sensei OVA
Yoshitsugu Matsuoka,Goblin Slayer
Yoshitsugu Matsuoka,As Miss Beelzebub Likes It
Yoshitsugu Matsuoka,Mob Psycho 100 REIGEN - The Miracle Psychic that Nobody Knows
Yoshitsugu Matsuoka,Ken En Ken: Aoki Kagayaki
Yoshitsugu Matsuoka,Dragalia Lost
Yoshitsugu Matsuoka,Octopath Traveler
Yoshitsugu Matsuoka,The Disastrous Life of Saiki K.
Yoshitsugu Matsuoka,Devils Line
Yoshitsugu Matsuoka,Alice or Alice: Siscon Niisan to Futago no Imouto
Kaori Nakamura,Mieruko-chan
Aya Endô,Dragalia Lost
Aya Endô,The Legend of Heroes: Trails of Cold Steel IV
Aya Endô,Violet Evergarden
Aya Endô,Comic Girls
Aya Endô,A Place Further Than the Universe
Aya Endô,Infini-T Force the Movie: Farewell Gatchaman My Friend
Aya Endô,Xenoblade Chronicles 2
Aya Endô,Fate/Apocrypha
Aya Endô,The Ancient Magus' Bride
Aya Endô,Clean Freak! Aoyama Kun
Aya Endô,The Ancient Magus' Bride: Those Awaiting a Star Part 3
Aya Endô,Final Fantasy XIV: Stormblood
Aya Endô,Fire Emblem Echoes: Shadows of Valentia
Aya Endô,Fire Emblem Heroes
Aya Endô,Dissidia Final Fantasy: Opera Omnia
Aya Endô,Star Ocean: Anamnesis
Yoshitsugu Matsuoka,Record of Grancrest War
Yoshitsugu Matsuoka,A Place Further Than the Universe
Yoshitsugu Matsuoka,Sword Art Online: Fatal Bullet
Yoshitsugu Matsuoka,Tales of the Rays: Mirrage Prison
Yoshitsugu Matsuoka,Onmyoji
Yoshitsugu Matsuoka,Gdgd Men's Party
Yoshitsugu Matsuoka,Osama Game
Yoshitsugu Matsuoka,RIN-NE
Yoshitsugu Matsuoka,Under Night In-Birth: Exe: Late[St]
Yoshitsugu Matsuoka,No Game No Life: Zero
Yoshitsugu Matsuoka,Hitorijime My Hero
Yoshitsugu Matsuoka,Fate/Apocrypha
Yoshitsugu Matsuoka,Saekano: How to Raise a Boring Girlfriend
Yoshitsugu Matsuoka,Starmyu
Yoshitsugu Matsuoka,ChäoS;Child: Silent Sky
Yoshitsugu Matsuoka,DanMachi: Is It Wrong to Try to Pick Up Girls in a Dungeon? On the Side - Sword Oratoria
Yoshitsugu Matsuoka,Eromanga Sensei
Yoshitsugu Matsuoka,Trinity Seven: Eternity Library & Alchemic Girl
Kaori Nakamura,Selection Project
Kaori Nakamura,The Duke of Death and His Maid
Kaori Nakamura,Fruits Basket
Kaori Nakamura,Suppose a Kid from the Last Dungeon Boonies moved to a starter town?
Kaori Nakamura,Mushoku Tensei: Jobless Reincarnation
Kaori Nakamura,Food Wars
Kaori Nakamura,Death End Re;Quest 2
Kaori Nakamura,Fire Force
Kaori Nakamura,Hinamatsuri
Kaori Nakamura,A Place Further Than the Universe
Kaori Nakamura,Gintama
Kaori Nakamura,Flip Flappers
Kaori Nakamura,Gintama: Love Incense Arc
Aya Endô,Kubikiri Cycle: Aoiro Savant to Zaregoto Tsukai: Vol 2
Aya Endô,ClassicaLoid
Aya Endô,Pokémon Generations
Aya Endô,Kubikiri Cycle: Aoiro Savant to Zaregoto Tsukai
Aya Endô,Nîto sugoroku: Buraritabi
Aya Endô,The Ancient Magus Bride
Aya Endô,Toukiden 2
Aya Endô,Fate/kaleid liner Prisma Illya 3rei
Aya Endô,Kabaneri of the Iron Fortress
Aya Endô,Garo: Divine Flame
Aya Endô,RIN-NE
Aya Endô,Star Ocean: Integrity and Faithlessness
Aya Endô,Summon Night 6: Lost Borders
Aya Endô,Street Fighter V
Aya Endô,Eiga Yo-kai Watch: Enma Daioh to Itsutsu no Monogatari da Nyan!
Aya Endô,Eiga Youkai wocchi: Enma daiou to 5-tsu no monogataridanyan!
Aya Endô,Owari no serafu
Aya Endô,Exist Archive: The Other Side of the Sky
Aya Endô,Project X Zone 2
Aya Endô,Rokka no Yuusha
Aya Endô,Fate/Grand Order
Aya Endô,Final Fantasy XIV: Heavensward
Aya Endô,Psycho-Pass: Mandatory Happiness
Yoshitsugu Matsuoka,Sword Art Online the Movie: Ordinal Scale
Yoshitsugu Matsuoka,Fire Emblem Heroes
Yoshitsugu Matsuoka,Please Tell Me! Galko-chan OAD: Is Summer Vacation Real?
Yoshitsugu Matsuoka,elDLIVE
Yoshitsugu Matsuoka,Days
Yoshitsugu Matsuoka,Flip Flappers
Yoshitsugu Matsuoka,Watashi ga Motete Dousunda
Yoshitsugu Matsuoka,Sword Art Online: Hollow Realization
Yoshitsugu Matsuoka,Monster Hunter Stories
Yoshitsugu Matsuoka,Twin Star Exorcists
Yoshitsugu Matsuoka,"Re: Zero, Starting Life in Another World"
Yoshitsugu Matsuoka,Binan Koukou Chikyuu Bouei-bu Love!
Yoshitsugu Matsuoka,Fairy Fencer F: Advent Dark Force
Yoshitsugu Matsuoka,Luck & Logic
Yoshitsugu Matsuoka,Servamp
Yoshitsugu Matsuoka,Super Lovers
Kaori Nakamura,Charlotte
Kaori Nakamura,DeathSmiles IIX
Kaori Nakamura,Baka and Test
Aya Endô,Yuri Kuma Arashi
Aya Endô,"Yo-kai Watch Movie: It's the Secret of Birth, Meow!"
Aya Endô,Infinite Stratos
Aya Endô,Gundam Build Fighters Try
Aya Endô,Initial D Arcade Stage 8 Infinity
Aya Endô,Yo-kai Watch 2: Honke
Aya Endô,Hunter x Hunter
Aya Endô,Initial D: Final Stage
Aya Endô,Dragonar Academy
Aya Endô,Pokémon
Aya Endô,Tales of Link
Aya Endô,Yo-Kai Watch
Aya Endô,Nagi-Asu: A Lull in the Sea
Aya Endô,Time and Eternity
Aya Endô,Yo-kai Watch
Aya Endô,Chihayafuru
Yoshitsugu Matsuoka,Cerberus
Yoshitsugu Matsuoka,Ace of Diamond
Yoshitsugu Matsuoka,Dimension W
Yoshitsugu Matsuoka,Please Tell Me! Galko-chan
Yoshitsugu Matsuoka,Rainbow Days
Yoshitsugu Matsuoka,Prince of Stride: Alternative
Yoshitsugu Matsuoka,Chivalry of a Failed Knight
Yoshitsugu Matsuoka,Nights of Azure
Yoshitsugu Matsuoka,Sky Wizards Academy
Yoshitsugu Matsuoka,Yowamushi Pedal: The Movie
Yoshitsugu Matsuoka,Working!!
Yoshitsugu Matsuoka,Code Geass: Akito the Exiled 4 - From the Memories of Hatred
Yoshitsugu Matsuoka,High School DxD
Yoshitsugu Matsuoka,Code Geass: Akito the Exiled 3 - The Brightness Falls
Yoshitsugu Matsuoka,Unlimited Fafnir
Yoshitsugu Matsuoka,Sword Art Online: Lost Song
Yoshitsugu Matsuoka,Hori-san to Miyamura-kun: Suki da
Yoshitsugu Matsuoka,Trinity Seven
Yoshitsugu Matsuoka,Trinity Seven: Nanatsu no taizai to nana madoushi
Yoshitsugu Matsuoka,Digimon Story: Cyber Sleuth
Yoshitsugu Matsuoka,Shirobako
Yoshitsugu Matsuoka,Absolute Duo
Yoshitsugu Matsuoka,Sword Art Online: The Movie
Yoshitsugu Matsuoka,Chaos;Child
Aya Endô,Leviathan: The Last Defense
Aya Endô,Summon Night 5
Aya Endô,Mugen Souls Z
Aya Endô,A Certain Scientific Railgun
Aya Endô,Karneval
Aya Endô,"Dakara Boku wa, H ga Dekinai.: Mie Sugi! Mizugi Contest"
Aya Endô,"So, I Can't Play H"
Aya Endô,Polar Bear's Café
Aya Endô,Final Fantasy XIV: A Realm Reborn
Aya Endô,JoJo's Bizarre Adventure
Aya Endô,Tales of Xillia 2
Aya Endô,Macross FB 7: Ore no Uta o Kike!
Aya Endô,Project X Zone
Aya Endô,Fairy Tail: Priestess of the Phoenix
Aya Endô,Choyaku Hyakunin Isshu: Uta Koi
Aya Endô,Record of Agarest War 2
Aya Endô,Queen's Blade: Rebellion
Aya Endô,Kids on the Slope
Aya Endô,Guilty Crown
Aya Endô,Mugen Souls
Aya Endô,Hot Shots Golf: World Invitational
Aya Endô,Carnival Phantasm
Aya Endô,Gintama
Aya Endô,Digimon Xros Wars: The Young Hunters Who Leapt Through Time
Aya Endô,Mobile Suit Gundam AGE
Yoshitsugu Matsuoka,Denki-Gai no Honya-san
Yoshitsugu Matsuoka,Yowamushi Pedal
Yoshitsugu Matsuoka,Akame ga Kill!
Yoshitsugu Matsuoka,Chaos Rings III
Yoshitsugu Matsuoka,Ookami shoujo to kuro ouji
Yoshitsugu Matsuoka,Buddy Complex
Yoshitsugu Matsuoka,Blade Dance of the Elementalers
Yoshitsugu Matsuoka,The Irregular at Magic High School
Yoshitsugu Matsuoka,Atelier Shallie: Alchemists of the Dusk Sea
Yoshitsugu Matsuoka,"No Game, No Life"
Yoshitsugu Matsuoka,No Game No Life Specials
Yoshitsugu Matsuoka,Blade & Soul
Yoshitsugu Matsuoka,The Comic Artist and Assistants
Yoshitsugu Matsuoka,Nagi-Asu: A Lull in the Sea
Yoshitsugu Matsuoka,Dengeki Bunko: Fighting Climax
Yoshitsugu Matsuoka,Tsubasa to Hotaru
Yoshitsugu Matsuoka,Granblue Fantasy
Yoshitsugu Matsuoka,Harmonie
Aya Endô,The Legend of Heroes: Trails to Azure
Aya Endô,Hayate the Combat Butler Movie: Heaven Is a Place on Earth
Aya Endô,The Mystic Archives of Dantalian
Aya Endô,Tiger & Bunny
Aya Endô,Macross Frontier: The Wings of Goodbye
Aya Endô,Valkyria Chronicles 3: Unrecorded Chronicles
Aya Endô,Dream Eater Merry
Aya Endô,Fafner: Heaven and Earth
Aya Endô,Macross Frontier Music Clip Shuu: Nyankuri
Aya Endô,A Certain Magical Index
Aya Endô,Panty & Stocking with Garterbelt
Aya Endô,The Legend of Heroes: Trails from Zero
Aya Endô,Sekirei
Aya Endô,Katanagatari
Aya Endô,Ikki tousen
Aya Endô,Ar Tonelico Qoga: Knell of Ar Ciel
Aya Endô,Resonance of Fate
Aya Endô,Sound of the Sky
Aya Endô,Macross Frontier: The False Songstress
Aya Endô,Needless
Aya Endô,Rune Factory 3: A Fantasy Harvest Moon
Aya Endô,Aoi Bungaku Series
Aya Endô,Kanamemo
Aya Endô,Tokyo Magnitude 8.0
Yoshitsugu Matsuoka,Bodacious Space Pirates: Abyss of Hyperspace
Yoshitsugu Matsuoka,Strike the Blood
Yoshitsugu Matsuoka,Sword Art Online Extra Edition
Yoshitsugu Matsuoka,Puella Magi Madoka Magica the Movie Part III: The Rebellion Story
Yoshitsugu Matsuoka,Fairy Fencer F
Yoshitsugu Matsuoka,Fantasista Doll
Yoshitsugu Matsuoka,Ore no imouto ga konna ni kawaii wake ga nai
Yoshitsugu Matsuoka,Makai Ouji: Devils and Realist
Yoshitsugu Matsuoka,The Miyakawa Family's Hunger
Yoshitsugu Matsuoka,Donyatsu
Yoshitsugu Matsuoka,Mugen Souls Z
Yoshitsugu Matsuoka,A Certain Scientific Railgun
Yoshitsugu Matsuoka,Oreshura
Yoshitsugu Matsuoka,The Pet Girl of Sakurasou
Yoshitsugu Matsuoka,Sword Art Online: Infinity Moment
Yoshitsugu Matsuoka,To Love-Ru - Darkness
Aya Endô,The Girl Who Leapt Through Space
Aya Endô,Basquash!
Aya Endô,Hanasakeru Seishônen
Aya Endô,Genji monogatari sennenki: Genji
Aya Endô,Blassreiter
Aya Endô,Lucky Star
Aya Endô,Macross Frontier
Aya Endô,Neo Angelique: Abyss
Aya Endô,My-Otome 0: S.ifr
Aya Endô,Tsubasa: Tokyo Revelations
Aya Endô,Mobile Suit Gundam 00
Aya Endô,Polyphonica
Aya Endô,Claymore
Aya Endô,Inukami! The movie: Tokumei reiteki sôsakan Karina Shirô!
Aya Endô,Kisudamu
Aya Endô,Kujibiki Unbalance
Aya Endô,Ghost Slayers Ayashi
Aya Endô,Inukami!
Aya Endô,Hot Shots Tennis
Aya Endô,Tokko - 特公
Aya Endô,Kiba
Aya Endô,My Wife Is a High School Girl
Aya Endô,Emma: A Victorian Romance
Yoshitsugu Matsuoka,Puella Magi Madoka Magica the Movie Part 2: Eternal
Yoshitsugu Matsuoka,Puella Magi Madoka Magica the Movie Part 1: Beginnings
Yoshitsugu Matsuoka,JoJo's Bizarre Adventure
Yoshitsugu Matsuoka,Chô Soku Henkei Gyrozetter
Yoshitsugu Matsuoka,Campione!
Yoshitsugu Matsuoka,Tari Tari
Yoshitsugu Matsuoka,Under Night In-Birth
Yoshitsugu Matsuoka,Lagrange: The Flower of Rin-ne
Yoshitsugu Matsuoka,Bodacious Space Pirates
Yoshitsugu Matsuoka,Queen's Blade: Rebellion
Yoshitsugu Matsuoka,Black Rock Shooter
Yoshitsugu Matsuoka,Ben-To
Yoshitsugu Matsuoka,Heaven's Memo Notepad
Yoshitsugu Matsuoka,Anohana: The Flower We Saw That Day
Yoshitsugu Matsuoka,Aria: The Scarlet Ammo
Yoshitsugu Matsuoka,Mai no Maho to Katei no Hi
Aya Endô,Gakuen Alice
Aya Endô,Monster
Aya Endô,Love Love?
Aya Endô,Vapour Trail
Aya Endô,YU-NO: A Girl Who Chants Love at the Bound of This World
Aya Endô,Sekirei
Aya Endô,Osomatsu-san
Aya Endô,Polar Bear's Café
Aya Endô,Sekirei
Aya Endô,Lucky Star
Aya Endô,Iyami & Totoko no Merîkurisumatsu!: Shênaru yoru 2021
Aya Endô,Iyami & Totoko no Merîkurisumatsu!: Shênaru yoru
Aya Endô,'Eiga no Osomatsusan' gekijou koukai kinen tokuban: Suzumura Ken'ichi & Irino Miyu no Ofuransu ni ikuzansu!
Aya Endô,The 65th Annual NHK kôhaku uta gassen
Yoshitsugu Matsuoka,Puella Magi Madoka Magica
Yoshitsugu Matsuoka,Higashi no Eden
Yoshitsugu Matsuoka,Super HxEros
Yoshitsugu Matsuoka,Hori-san to Miyamura-kun
Yoshitsugu Matsuoka,Super HxEros
Yoshitsugu Matsuoka,Hitorijime My Hero
Yoshitsugu Matsuoka,Starmyu
Yoshitsugu Matsuoka,Watashi ga Motete Dousunda
Yoshitsugu Matsuoka,Makai Ouji: Devils and Realist
Ikuji Nose,The Greatest Demon Lord Is Reborn as a Typical Nobody
Ikuji Nose,Rust-Eater Bisco
Ikuji Nose,Mushoku Tensei: Jobless Reincarnation
Ikuji Nose,How a Realist Hero Rebuilt the Kingdom
Ikuji Nose,Wandering Witch: The Journey of Elaina
Ikuji Nose,The Disastrous Life of Saiki K.: Reawakened
Ikuji Nose,Boruto: Naruto Next Generations
Ikuji Nose,Carole & Tuesday
Ikuji Nose,Wasteful Days of High School Girls
Ikuji Nose,Fruits Basket
Ikuji Nose,JoJo's Bizarre Adventure
Ikuji Nose,Judgment
Ikuji Nose,Baki
Ikuji Nose,The Disastrous Life of Saiki K.
Ikuji Nose,Food Wars
Ikuji Nose,Hinamatsuri
Ikuji Nose,Violet Evergarden
Ikuji Nose,A Place Further Than the Universe
Ikuji Nose,Gintama
Ikuji Nose,Kekkai Sensen
Ikuji Nose,Princess Principal
Ikuji Nose,Knight's & Magic
Ikuji Nose,DanMachi: Is It Wrong to Try to Pick Up Girls in a Dungeon? On the Side - Sword Oratoria
Ikuji Nose,Blue Exorcist: Kyoto Saga
Ikuji Nose,Scum's Wish
Ikuji Nose,Tawawa on Monday
Ikuji Nose,Akiba's Beat
Ikuji Nose,Flip Flappers
Ikuji Nose,The Seven Deadly Sins
Ikuji Nose,Gantz: O
Ikuji Nose,Mob Psycho 100
Ikuji Nose,Amanchu!
Ikuji Nose,Assassination Classroom
Ikuji Nose,Gate
Ikuji Nose,Dimension W
Ikuji Nose,Starmyu
Ikuji Nose,Is the Order a Rabbit?
Ikuji Nose,Heavy Object
Ikuji Nose,Charlotte
Ikuji Nose,Shimoneta: A Boring World Where the Concept of Dirty Jokes Doesn't Exist
Ikuji Nose,Is It Wrong to Try to Pick Up Girls in a Dungeon?
Ikuji Nose,Shirobako
Ikuji Nose,Aldnoah.Zero
Ikuji Nose,Your Lie in April
Ikuji Nose,Maria the Virgin Witch
Ikuji Nose,Shirogane no Ishi: Argevollen
Ikuji Nose,The Irregular at Magic High School
Ikuji Nose,Atelier Escha & Logy: Alchemists of the Dusk Sky
Ikuji Nose,Summer Nude
Ikuji Nose,Cross Edge
Ikuji Nose,Mana kemia 2: Ochita gakuen to renkinjutsushi tachi
Ikuji Nose,Suikoden Tactics
Ikuji Nose,The Sword of Etheria
Ikuji Nose,Suikoden IV
Ikuji Nose,Samurai Champloo
Ikuji Nose,Samurai Showdown V Special
Ikuji Nose,Samurai Shodown V
Lynn,Chocobo GP
Lynn,Mushoku Tensei: Jobless Reincarnation
Lynn,The Aquatope on White Sand
Lynn,The Aquatope on White Sand Mini Anime
Lynn,Shin Megami Tensei V
Lynn,That Time I Got Reincarnated as a Slime: Isekai Memories
Lynn,Lost Judgment
Lynn,Star Wars: Visions
Lynn,That Time I Got Reincarnated as a Slime
Lynn,Ichiban Chikakute Tooi Hoshi
Lynn,The Promised Neverland
Lynn,Dr. Stone
Lynn,Uma Musume: Pretty Derby
Lynn,Wonder Egg Priority
Lynn,Uma Musume: Pretty Derby
Lynn,Golden Kamuy
Lynn,Pokémon: Twilight Wings
Lynn,"Josee, the Tiger and the Fish"
Lynn,Wandering Witch: The Journey of Elaina
Lynn,Sakura Kakumei ~Hana Saku Otome-tachi~
Lynn,Umayon
Lynn,Sword Art Online
Lynn,Food Wars
Lynn,Sword Art Online: Alicization Lycoris
Lynn,Asteroid in Love
Lynn,Tsuujou Kougeki ga Zentai Kougeki de Ni-kai Kougeki no Okaasan wa Suki Desuka?
Lynn,Koisuru Asteroid: KiraKira Zoukan-gou
Lynn,High School Fleet the Movie
Lynn,Kandagawa Jet Girls
Lynn,Kandagawa Jet Girls
Lynn,We Never Learn
Lynn,Fire Force
Lynn,Final Fantasy Brave Exvius: War of the Visions
Lynn,Code Vein
Lynn,Strike the Blood
Lynn,Oninaki
Lynn,Lord El-Melloi II's Case Files: Rail Zeppelin Grace Note
Lynn,For Whom the Alchemist Exists: The Movie
Lynn,Meruhen Medohen
Lynn,Chocobo's Mystery Dungeon: Every Buddy!
Lynn,Devil May Cry 5
Lynn,Girly Air Force
Lynn,Wataten! An Angel Flew Down to Me
Lynn,Ms. Vampire Who Lives in My Neighborhood
Lynn,I Want to Eat Your Pancreas
Lynn,Angolmois: Genkou Kassenki
Lynn,Ongaku shoujo
Lynn,Magical Girl Site
Lynn,The Seven Heavenly Virtues
Lynn,A Place Further Than the Universe
Lynn,Metal Gear Survive
Lynn,Ms. Koizumi Loves Ramen Noodles
Lynn,Just Because!
Lynn,Kino's Journey: The Beautiful World - The Animated Series
Lynn,Mobile Suit Gundam Thunderbolt: Bandit Flower
Lynn,Mary and the Witch's Flower
Lynn,Interviews with Monster Girls
Lynn,Hip Whip Girl: Keijo!!!!!!
Lynn,RIN-NE
Lynn,Berserk
Lynn,Fire Emblem Heroes
Lynn,elDLIVE
Lynn,Fuuka
Lynn,Magia Record: Puella Magi Madoka Magica Side Story
Lynn,Bungou Stray Dogs
Lynn,Monster Strike the Movie
Lynn,Monster Strike
Lynn,Idol Incidents
Lynn,Twin Star Exorcists
Lynn,The Disastrous Life of Saiki K.
Lynn,High School Fleet
Lynn,The Lost Village
Lynn,Overwatch
Lynn,Kuromukuro
Lynn,Gate
Lynn,Snow White with the Red Hair
Lynn,Fire Emblem Festival Love & Courage 25th Anniversary Concert
Lynn,Dimension W
Lynn,Undefeated Bahamut Chronicle
Lynn,Lance N' Masques
Lynn,Young Black Jack
Lynn,Fire Emblem: Fates
Lynn,Taifuu no Noruda
Lynn,Plastic Memories
Lynn,Ghost in the Shell Arise: Alternative Architecture
Lynn,Death Parade
Lynn,Monthly Girls' Nozaki-kun
Lynn,The Irregular at Magic High School
Lynn,Stand by Me Doraemon
Lynn,Sabagebu! Survival Game Club!
Lynn,Conception 2: Children of the Seven Stars
Lynn,Ghost in the Shell Arise: Border 2 - Ghost Whisper
Lynn,Sasami-san@Ganbaranai
Lynn,The Pet Girl of Sakurasou
Lynn,Naruto: Shippûden
Lynn,Ms. Vampire Who Lives in My Neighborhood
Lynn,Just Because!
Lynn,Fuuka
Ai Kayano,Gekijouban Isekai Quartet: Another World
Ai Kayano,Konosuba: God's Blessing on This Wonderful World!
Ai Kayano,Platinum End
Ai Kayano,The Case Study of Vanitas
Ai Kayano,The Missing 8
Ai Kayano,Delicious Party Precure
Ai Kayano,Girls und Panzer OVA: Radish War!
Ai Kayano,Tawawa on Monday
Ai Kayano,Mushoku Tensei: Jobless Reincarnation
Ai Kayano,The Great Jahy Will Not Be Defeated!
Ai Kayano,Pokémon Evolutions
Ai Kayano,Tsukihime
Ai Kayano,Horimiya
Ai Kayano,Bottom-Tier Character Tomozaki
Ai Kayano,Girls und Panzer das Finale: Part III
Ai Kayano,The Promised Neverland
Ai Kayano,Super Mecha Champions
Ai Kayano,Suppose a Kid from the Last Dungeon Boonies moved to a starter town?
Ai Kayano,Aria the Crepuscolo
Ai Kayano,Otherside Picnic
Ai Kayano,Death March Club
Ai Kayano,Is It Wrong to Try to Pick Up Girls in a Dungeon?
Ai Kayano,Tales of the Rays: Last Cradle
Ai Kayano,Warlords of Sigrdrifa
Ai Kayano,Food Wars
Ai Kayano,Super HxEros
Ai Kayano,Sword Art Online
Ai Kayano,Tales of Crestoria
Ai Kayano,Sword Art Online: Alicization Lycoris
Ai Kayano,Isekai Quartet
Ai Kayano,A Destructive God Sits Next to Me
Ai Kayano,Smile at the Runway
Ai Kayano,Tsuujou Kougeki ga Zentai Kougeki de Ni-kai Kougeki no Okaasan wa Suki Desuka?
Ai Kayano,Azur Lane
Ai Kayano,Darwin's Game
Ai Kayano,Shirobako: The Movie
Ai Kayano,Somali and the Forest Spirit
Ai Kayano,Tokyo Mirage Sessions #FE Encore
Ai Kayano,Kandagawa Jet Girls
Ai Kayano,The Disastrous Life of Saiki K.: Reawakened
Ai Kayano,Final Fantasy Brave Exvius: War of the Visions
Ai Kayano,Chihayafuru
Ai Kayano,Saekano: How to Raise a Boring Girlfriend Fine
Ai Kayano,Shin Chuuka Ichiban!
Ai Kayano,Code Vein
Ai Kayano,Demon Slayer: Kimetsu no Yaiba
Ai Kayano,Konosuba!: God's Blessing on This Wonderful World! - Legend of Crimson
Ai Kayano,Pokémon Masters
Ai Kayano,Mobile Suit Gundam: The Origin - Advent of the Red Comet
Ai Kayano,Miru Tights
Ai Kayano,Girls und Panzer das Finale: Part II
Ai Kayano,Is It Wrong to Try to Pick Up Girls in a Dungeon - Arrow of the Orion
Ai Kayano,Senran Kagura Shinovi Master: Tokyo Yoma-hen
Ai Kayano,The Disastrous Life of Saiki K.
Ai Kayano,Hangyakusei Million Arthur
Ai Kayano,Boarding School Juliet
Ai Kayano,Back Street Girls
Ai Kayano,Senran Kagura Peach Ball
Ai Kayano,Dragalia Lost
Ai Kayano,Miss Caretaker of Sunohara-sou
Ai Kayano,Hanebado: The Badminton Play of Ayano Hanesaki!
Ai Kayano,Grand Blue
Ai Kayano,Lord of Vermilion: The Crimson King
Ai Kayano,Octopath Traveler
Ai Kayano,Shining Resonance Refrain
Ai Kayano,Amanchu!
Ai Kayano,UQ Holder!
Ai Kayano,Mobile Suit Gundam: The Origin VI - Rise of the Red Comet
Ai Kayano,March Comes in Like a Lion
Ai Kayano,Record of Grancrest War
Ai Kayano,How to Keep a Mummy
Ai Kayano,The Ryuo's Work Is Never Done!
Ai Kayano,A Place Further Than the Universe
Ai Kayano,Infini-T Force the Movie: Farewell Gatchaman My Friend
Ai Kayano,Maquia: When the Promised Flower Blooms
Ai Kayano,Tales of the Rays: Mirrage Prison
Ai Kayano,Onmyoji
Ai Kayano,Dissidia Final Fantasy NT
Ai Kayano,Land of the Lustrous
Ai Kayano,Girls und Panzer das Finale: Part I
Ai Kayano,Shinobi Master Senran Kagura: New Link
Ai Kayano,Senran Kagura: Reflexions
Ai Kayano,Is the Order a Rabbit?? ~ Dear My Sister ~
Ai Kayano,Mazinger Z: INFINITY
Ai Kayano,New Game!
Ai Kayano,Nights of Azure 2: Bride of the New Moon
Ai Kayano,No Game No Life: Zero
Ai Kayano,Saekano: How to Raise a Boring Girlfriend
Ai Kayano,Final Fantasy XIV: Stormblood
Ai Kayano,DanMachi: Is It Wrong to Try to Pick Up Girls in a Dungeon? On the Side - Sword Oratoria
Ai Kayano,Blue Reflection
Ai Kayano,Amanchu!: Yakusoku no natsu to atarashii omoide no koto
Ai Kayano,Senran Kagura: Peach Beach Splash
Ai Kayano,Tales of the Rays
Ai Kayano,Fire Emblem Heroes
Ai Kayano,Dissidia Final Fantasy: Opera Omnia
Ai Kayano,Danganronpa V3: Killing Harmony
Ai Kayano,Hand Shakers
Ai Kayano,The Urara of Labyrinth Town
Ai Kayano,Flip Flappers
Ai Kayano,Black Clover: Jump Festa Special
Ai Kayano,World of Final Fantasy
Ai Kayano,Danganronpa 3: The End of Hope's Peak Academy - Hope Arc
Ai Kayano,Danganronpa 3: The End of Kibougamine Gakuen - Zetsubou-hen
Ai Kayano,Sweetness and Lightning
Ai Kayano,Mob Psycho 100
Ai Kayano,Tales of Zestiria the X
Ai Kayano,First Love Monster
Ai Kayano,ReLIFE
Ai Kayano,Flying Witch
Ai Kayano,Konosuba OVA: God's Blessing on This Wonderful Choker!
Ai Kayano,Terra Formars
Ai Kayano,Girls und Panzer der Film Special: Arisu War!
Ai Kayano,Mobile Suit Gundam: The Origin III - Dawn of Rebellion
Ai Kayano,Tamayura: Graduation Photo Part 4 - Ashita
Ai Kayano,Luck & Logic
Ai Kayano,Selector Destructed WIXOSS the Movie
Ai Kayano,Detective Pikachu
Ai Kayano,Rainbow Days
Ai Kayano,Is the Order a Rabbit?
Ai Kayano,Tokyo Mirage Sessions #FE
Ai Kayano,Exist Archive: The Other Side of the Sky
Ai Kayano,Tamayura: Graduation Photo Part 3 - Akogare
Ai Kayano,Girls und Panzer der Film
Ai Kayano,Grand Kingdom
Ai Kayano,GARAKOWA - Restore the World
Ai Kayano,7th Dragon III: Code: VFD
Ai Kayano,Aria the Scarlet Ammo AA
Ai Kayano,Tokyo Xanadu
Ai Kayano,School-Live!
Ai Kayano,Ore Monogatari!!
Ai Kayano,Castle Town Dandelion
Ai Kayano,Tamayura: Graduation Photo Part 2 - Hibiki
Ai Kayano,Senki Zessho Symphogear GX
Ai Kayano,Ushio & Tora
Ai Kayano,Final Fantasy XIV: Heavensward
Ai Kayano,Mebiusu Fainaru fantajî
Ai Kayano,Ghost in the Shell Arise: Alternative Architecture
Ai Kayano,RIN-NE
Ai Kayano,Shigatsu wa Kimi no Uso: Moments
Ai Kayano,Your Lie in April
Ai Kayano,Mikagura School Suite
Ai Kayano,Tamayura: Graduation Photo Part 1 - Kizashi
Ai Kayano,Aldnoah.Zero
Ai Kayano,Senran Kagura: Estival Versus
Ai Kayano,Senran Kagura: Estival Versus - Festival Eve Full of Swimsuits
Ai Kayano,Shirobako
Ai Kayano,Tales of Zestiria: Alisha's Conviction
Ai Kayano,Yona of the Dawn
Ai Kayano,Tales of Zestiria
Ai Kayano,Tales of Zestiria: Dawn of the Shepherd
Ai Kayano,If Her Flag Breaks
Ai Kayano,Lord Marksman and Vanadis
Ai Kayano,Glasslip
Ai Kayano,Ghost in the Shell Arise: Border 4 - Ghost Stands Alone
Ai Kayano,Celestial Method
Ai Kayano,Blue Spring Ride
Ai Kayano,Senran Kagura 2: Deep Crimson
Ai Kayano,Girls Und Panzer: This Is the Real Anzio Battle!
Ai Kayano,Ghost in the Shell Arise: Border 3 - Ghost Tears
Ai Kayano,"No Game, No Life"
Ai Kayano,No Game No Life Specials
Ai Kayano,The World Is Still Beautiful
Ai Kayano,Captain Earth
Ai Kayano,Nagi-Asu: A Lull in the Sea
Ai Kayano,Selector Infected WIXOSS
Ai Kayano,Golden Time
Ai Kayano,Witch Craft Works
Ai Kayano,Senran Kagura: Bon Appétit!
Ai Kayano,Dengeki Bunko: Fighting Climax
Ai Kayano,Granblue Fantasy
Ai Kayano,Tales of Link
Ai Kayano,Bodacious Space Pirates: Abyss of Hyperspace
Ai Kayano,Romantica Clock
Ai Kayano,Strike the Blood
Ai Kayano,Unbreakable Machine Doll
Ai Kayano,Infinite Stratos
Ai Kayano,Servant X Service
Ai Kayano,Symphogear G
Ai Kayano,Super Seisyun Brothers
Ai Kayano,Anohana the Movie: The Flower We Saw That Day (Ano hi mita hana no namae wo bokutachi wa mada shiran
Ai Kayano,"Stella Women's Academy, High School Division Class C³"
Ai Kayano,Tamayura: More Aggressive
Ai Kayano,Yuyushiki
Ai Kayano,Mangirl!
Ai Kayano,Summon Night 5
Ai Kayano,Gargantia on the Verdurous Planet
Ai Kayano,Oreshura
Ai Kayano,The Pet Girl of Sakurasou
Ai Kayano,Girls und Panzer
Ai Kayano,Senran Kagura: Ninja Flash!
Ai Kayano,Senran Kagura Shinovi Versus
Ai Kayano,Senyuu
Ai Kayano,Ai Mai Mi
Ai Kayano,Final Fantasy XIV: A Realm Reborn
Ai Kayano,"Say ""I love you"""
Ai Kayano,Yumekuri
Ai Kayano,Tari Tari
Ai Kayano,Hyouka
Ai Kayano,Senran Kagura Burst
Ai Kayano,Zettai Junpaku: Mahou Shoujo
Ai Kayano,Magic Kaito
Ai Kayano,Lagrange: The Flower of Rin-ne
Ai Kayano,Danganronpa 2: Goodbye Despair
Ai Kayano,The Legend of Nayuta: Boundless Trails
Ai Kayano,Bodacious Space Pirates
Ai Kayano,Aquarion EVOL
Ai Kayano,Medaka Box
Ai Kayano,Guilty Crown
Ai Kayano,Anohana: The Flower We Saw That Day - Letter to Menma
Ai Kayano,Ben-To
Ai Kayano,Last Exile: Gin'yoku no Fam
Ai Kayano,Kamisama Dolls
Ai Kayano,Ro-Kyu-Bu!
Ai Kayano,Senran Kagura: Skirting Shadows
Ai Kayano,Detective Conan
Ai Kayano,The Everyday Tales of a Cat God
Ai Kayano,Heaven's Memo Notepad
Ai Kayano,Anohana: The Flower We Saw That Day
Ai Kayano,Dream Eater Merry
Ai Kayano,A Certain Magical Index
Ai Kayano,Durarara!!
Ai Kayano,Saekano: How to Raise a Boring Girlfriend
Ai Kayano,If Her Flag Breaks
Ai Kayano,Unbreakable Machine Doll
Ai Kayano,Oreshura
Ai Kayano,The Pet Girl of Sakurasou
Ai Kayano,Konosuba!: God's Blessing on This Wonderful World! - Legend of Crimson
Ai Kayano,Tsuujou Kougeki ga Zentai Kougeki de Ni-kai Kougeki no Okaasan wa Suki Desuka?
Ai Kayano,March Comes in Like a Lion
Ai Kayano,Amanchu!
Ai Kayano,Konosuba: God's Blessing on This Wonderful World!
Ai Kayano,Shirobako
Ai Kayano,"No Game, No Life"
Ai Kayano,Servant X Service
Ai Kayano,Oreshura
Ai Kayano,The Pet Girl of Sakurasou
Ai Kayano,Hyouka
Ai Kayano,Anohana: The Flower We Saw That Day
Ai Kayano,Kayanomi
Ai Kayano,VS Arashi
Yôko Hikasa,"Bastard!! - Heavy Metal, Dark Fantasy-"
Yôko Hikasa,RWBY: Ice Queendom
Yôko Hikasa,Encouragement of Climb: Next Summit
Yôko Hikasa,A Couple of Cuckoos
Yôko Hikasa,Cue!
Yôko Hikasa,Love Live! Nijigasaki High School Idol Club
Yôko Hikasa,Summer Time Rendering
Yôko Hikasa,RPG Real Estate
Yôko Hikasa,BanG Dream! Girls Band Party! PICO
Yôko Hikasa,The Genius Prince's Guide to Raising a Nation Out of Debt
Yôko Hikasa,Slow Loop
Yôko Hikasa,BanG Dream! 5th Anniversary Animation: CiRCLE Thanks Party!
Yôko Hikasa,The Case Study of Vanitas
Yôko Hikasa,Attack on Titan
Yôko Hikasa,Shaman King
Yôko Hikasa,"The Fruit of Evolution: Before I Knew It, My Life Had It Made"
Yôko Hikasa,The Great Jahy Will Not Be Defeated!
Yôko Hikasa,Lupin the 3rd Part 6
Yôko Hikasa,The Dungeon of Black Company
Yôko Hikasa,The Duke of Death and His Maid
Yôko Hikasa,BanG Dream! FILM LIVE 2nd Stage
Yôko Hikasa,Uramichi Oniisan
Yôko Hikasa,Akiba's Trip: Hellbound & Debriefed
Yôko Hikasa,Shadows House
Yôko Hikasa,BanG Dream! Episode of Roselia II: Song I am.
Yôko Hikasa,Vivy: Fluorite Eye's Song
Yôko Hikasa,BanG Dream! Episode of Roselia I: Promise
Yôko Hikasa,Azur Lane: Slow Ahead!
Yôko Hikasa,Jujutsu Kaisen
Yôko Hikasa,Dr. Stone
Yôko Hikasa,Redo of Healer
Yôko Hikasa,Vlad Love
Yôko Hikasa,High-Rise Invasion
Yôko Hikasa,Cells at Work! Code Black
Yôko Hikasa,Gekijouban Seitokai Yakuindomo 2
Yôko Hikasa,The Irregular at Magic High School
Yôko Hikasa,Wandering Witch: The Journey of Elaina
Yôko Hikasa,Dragon Quest: The Adventure of Dai
Yôko Hikasa,Heaven Official's Blessing
Yôko Hikasa,Is It Wrong to Try to Pick Up Girls in a Dungeon?
Yôko Hikasa,Kamen Rider: Memory of Heroez
Yôko Hikasa,Little Witch Academia: VR Broom Racing
Yôko Hikasa,No Guns Life
Yôko Hikasa,Listeners
Yôko Hikasa,Exos Heroes
Yôko Hikasa,Food Wars
Yôko Hikasa,The Millionaire Detective: Balance - Unlimited
Yôko Hikasa,Majutsu-shi Ofen hagure tabi ten'nin no isan
Yôko Hikasa,Interspecies Reviewers
Yôko Hikasa,Psycho-Pass 3: First Inspector
Yôko Hikasa,BanG Dream!
Yôko Hikasa,Persona 5 Strikers
Yôko Hikasa,Kandagawa Jet Girls
Yôko Hikasa,Infinite Dendrogram
Yôko Hikasa,Sorcerous Stabber Orphen: Battle of Kimluck
Yôko Hikasa,Psycho-Pass
Yôko Hikasa,Arifureta: From Commonplace to World's Strongest
Yôko Hikasa,Phantasy Star Online 2: Episode Oracle
Yôko Hikasa,Granbelm
Yôko Hikasa,Love Live! School Idol Festival: All Stars
Yôko Hikasa,To the Abandoned Sacred Beasts
Yôko Hikasa,BanG Dream! FILM LIVE
Yôko Hikasa,Lord El-Melloi II's Case Files: Rail Zeppelin Grace Note
Yôko Hikasa,Pokémon Masters
Yôko Hikasa,Miru Tights
Yôko Hikasa,7Seeds
Yôko Hikasa,Domestic Girlfriend
Yôko Hikasa,Trinity Seven The Movie 2: Heavens Library & Crimson Lord
Yôko Hikasa,Rinshi!! Ekoda-chan
Yôko Hikasa,Saint Seiya: Saintia Shô
Yôko Hikasa,Is It Wrong to Try to Pick Up Girls in a Dungeon - Arrow of the Orion
Yôko Hikasa,Goblin Slayer
Yôko Hikasa,Senran Kagura Shinovi Master: Tokyo Yoma-hen
Yôko Hikasa,Gaikotsu Shotenin Honda-san
Yôko Hikasa,Revue Starlight: Re LIVE
Yôko Hikasa,Dragalia Lost
Yôko Hikasa,Encouragement of Climb
Yôko Hikasa,The Seven Deadly Sins: Prisoners of the Sky
Yôko Hikasa,Hi Score Girl
Yôko Hikasa,Violet Evergarden
Yôko Hikasa,High School DxD
Yôko Hikasa,Sword Art Online Alternative: Gun Gale Online
Yôko Hikasa,Super Neptunia RPG
Yôko Hikasa,Hinamatsuri
Yôko Hikasa,BlazBlue: Cross Tag Battle
Yôko Hikasa,A Place Further Than the Universe
Yôko Hikasa,Maquia: When the Promised Flower Blooms
Yôko Hikasa,Princess Connect Re: Dive
Yôko Hikasa,Record of Grancrest War
Yôko Hikasa,Pop Team Epic
Yôko Hikasa,Slow Start
Yôko Hikasa,Atelier Lydie & Suelle: Alchemists of the Mysterious Painting
Yôko Hikasa,Xenoblade Chronicles 2
Yôko Hikasa,Little Witch Academia: Chamber of Time
Yôko Hikasa,Shinobi Master Senran Kagura: New Link
Yôko Hikasa,Encouragement of Climb: Omoide Present
Yôko Hikasa,Juuni Taisen
Yôko Hikasa,New Game!
Yôko Hikasa,Aho Girl
Yôko Hikasa,Re: Creators
Yôko Hikasa,Seitokai Yakuindomo the Movie
Yôko Hikasa,Sakura Quest
Yôko Hikasa,No Game No Life: Zero
Yôko Hikasa,Mon-Soni! D'Artagnan no Idol Sengen
Yôko Hikasa,Interviews with Monster Girls
Yôko Hikasa,Little Witch Academia
Yôko Hikasa,Berserk
Yôko Hikasa,Akashic Records of Bastard Magic Instructor
Yôko Hikasa,The Irregular at Magic High School: The Girl Who Calls the Stars
Yôko Hikasa,Nep-Nep Connect: Chaos Chanpuru
Yôko Hikasa,DanMachi: Is It Wrong to Try to Pick Up Girls in a Dungeon? On the Side - Sword Oratoria
Yôko Hikasa,Frame Arms Girl
Yôko Hikasa,BanG Dream! Girls Band Party!
Yôko Hikasa,Senran Kagura: Peach Beach Splash
Yôko Hikasa,Trinity Seven: Eternity Library & Alchemic Girl
Yôko Hikasa,Ao Oni: The Animation
Yôko Hikasa,Long Riders!
Yôko Hikasa,Fire Emblem Heroes
Yôko Hikasa,Please Tell Me! Galko-chan OAD: Is Summer Vacation Real?
Yôko Hikasa,Danganronpa V3: Killing Harmony
Yôko Hikasa,Fuuka
Yôko Hikasa,Flip Flappers
Yôko Hikasa,Hibike! Euphonium
Yôko Hikasa,Hip Whip Girl: Keijo!!!!!!
Yôko Hikasa,The Great Passage
Yôko Hikasa,Bubuki buranki
Yôko Hikasa,Ginga Kikoutai Majestic Prince Movie: Kakusei no Idenshi
Yôko Hikasa,Berserk and the Band of the Hawk
Yôko Hikasa,World of Final Fantasy
Yôko Hikasa,WWW.Working!!
Yôko Hikasa,Danganronpa 3: The End of Hope's Peak Academy - Hope Arc
Yôko Hikasa,Danganronpa 3: The End of Kibougamine Gakuen - Zetsubou-hen
Yôko Hikasa,Danganronpa 3: The End of Kibougamine Gakuen - Mirai-hen
Yôko Hikasa,"Re: Zero, Starting Life in Another World"
Yôko Hikasa,Sweetness and Lightning
Yôko Hikasa,Monster Strike
Yôko Hikasa,Bakuon!!
Yôko Hikasa,Dragon Quest Heroes II
Yôko Hikasa,Magi: Sinbad no Bouken
Yôko Hikasa,Gate
Yôko Hikasa,Please Tell Me! Galko-chan
Yôko Hikasa,Cyber Danganronpa VR: The Class Trial
Yôko Hikasa,Mobile Suit Gundam: Iron-Blooded Orphans
Yôko Hikasa,Dimension W
Yôko Hikasa,Street Fighter V
Yôko Hikasa,Queen's Blade: Grimoire
Yôko Hikasa,Owari no serafu
Yôko Hikasa,Working!!
Yôko Hikasa,The Perfect Insider
Yôko Hikasa,Valkyrie Drive: Bhikkhuni
Yôko Hikasa,Chivalry of a Failed Knight
Yôko Hikasa,High Speed! Free! Starting Summer
Yôko Hikasa,Attack on Titan: Junior High
Yôko Hikasa,7th Dragon III: Code: VFD
Yôko Hikasa,"Actually, I Am..."
Yôko Hikasa,Bikini Warriors
Yôko Hikasa,Rokka no Yuusha
Yôko Hikasa,Trillion: God of Destruction
Yôko Hikasa,Senki Zessho Symphogear GX
Yôko Hikasa,Code Geass: Akito the Exiled 4 - From the Memories of Hatred
Yôko Hikasa,RIN-NE
Yôko Hikasa,Little Witch Academia: The Enchanted Parade
Yôko Hikasa,Code Geass: Akito the Exiled 3 - The Brightness Falls
Yôko Hikasa,Beyond the Boundary Movie: I'll Be Here - Mirai-hen
Yôko Hikasa,Maria the Virgin Witch
Yôko Hikasa,Senran Kagura: Estival Versus
Yôko Hikasa,Senran Kagura: Estival Versus - Festival Eve Full of Swimsuits
Yôko Hikasa,Trinity Seven
Yôko Hikasa,Ikki tousen: Extravaganza Epoch
Yôko Hikasa,Seitokai yakuindomo
Yôko Hikasa,Yuri Kuma Arashi
Yôko Hikasa,Anime de Wakaru Shinryounaika
Yôko Hikasa,Dog Days
Yôko Hikasa,If Her Flag Breaks
Yôko Hikasa,Infinite Stratos
Yôko Hikasa,Infinite Stratos 2: World Purge
Yôko Hikasa,Sword Art Online
Yôko Hikasa,Blade Dance of the Elementalers
Yôko Hikasa,Pokémon
Yôko Hikasa,"No Game, No Life"
Yôko Hikasa,No Game No Life Specials
Yôko Hikasa,Tamako Love Story
Yôko Hikasa,Kenzen Robo Daimidaler
Yôko Hikasa,Senran Kagura: Bon Appétit!
Yôko Hikasa,Dengeki Bunko: Fighting Climax
Yôko Hikasa,Granblue Fantasy
Yôko Hikasa,Bodacious Space Pirates: Abyss of Hyperspace
Yôko Hikasa,Strike the Blood
Yôko Hikasa,Infinite Stratos 2: Long Vacation Edition
Yôko Hikasa,Nobunaga the Fool
Yôko Hikasa,Symphogear G
Yôko Hikasa,Danganronpa: The Animation
Yôko Hikasa,Free!
Yôko Hikasa,Flowers of Evil
Yôko Hikasa,The Devil Is a Part-Timer!
Yôko Hikasa,Hal
Yôko Hikasa,7th Dragon 2020-II
Yôko Hikasa,Hyakka Ryoran: Samurai Bride
Yôko Hikasa,Ginga Kikoutai: Majestic Prince
Yôko Hikasa,Haganai: I Don't Have Many Friends
Yôko Hikasa,Tamako Market
Yôko Hikasa,Cuticle Detective Inaba
Yôko Hikasa,Arve Rezzle: Mechanized Fairies
Yôko Hikasa,Little Witch Academia
Yôko Hikasa,Senran Kagura Shinovi Versus
Yôko Hikasa,A Certain Magical Index: The Movie - The Miracle of Endymion
Yôko Hikasa,Btooom!
Yôko Hikasa,Kore wa Zombie desu ka?
Yôko Hikasa,"Say ""I love you"""
Yôko Hikasa,Code: Breaker
Yôko Hikasa,Campione!
Yôko Hikasa,Kingdom
Yôko Hikasa,Stitch!
Yôko Hikasa,Danganronpa 2: Goodbye Despair
Yôko Hikasa,Hyouka
Yôko Hikasa,Keion!! Oshaberi shinkei suijaku!!: Akiyama Mio-hen
Yôko Hikasa,Aesthetica of a Rogue Hero
Yôko Hikasa,Phantasy Star Online 2
Yôko Hikasa,Bodacious Space Pirates
Yôko Hikasa,Lollipop Chainsaw
Yôko Hikasa,Inu x Boku SS
Yôko Hikasa,Daily Lives of High School Boys
Yôko Hikasa,Hot Shots Golf: World Invitational
Yôko Hikasa,Gokujo.: Gokurakuin Joshikou Ryou Monogatari
Yôko Hikasa,Final Fantasy XIII-2
Yôko Hikasa,K-On! The Movie
Yôko Hikasa,Infinite Stratos Encore: Sextet of Burning Love
Yôko Hikasa,Ro-Kyu-Bu!
Yôko Hikasa,The Qwaser of Stigmata II
Yôko Hikasa,Akiba's Trip
Yôko Hikasa,Moshi koukou yakyuu no joshi manêjâ ga Dorakkâ no 'Manejimento' wo yondara
Yôko Hikasa,K-On!
Yôko Hikasa,Danganronpa: Trigger Happy Havoc
Yôko Hikasa,Kakkokawaii sengen
Yôko Hikasa,K-ON! Ho-kago Live!!
Yôko Hikasa,Occult Academy
Yôko Hikasa,Monster Hunter Diary: Felyne Village
Yôko Hikasa,Demon King Daimao
Yôko Hikasa,Uragiri wa Boku no Namae o Shitteiru
Yôko Hikasa,The Qwaser of Stigmata
Yôko Hikasa,Chu-Bra!!
Yôko Hikasa,Nogizaka Haruka no Himitsu: Purezza
Yôko Hikasa,When Seagulls Cry
Yôko Hikasa,Clannad: After Story
Yôko Hikasa,Basquash!
Yôko Hikasa,Toradora!
Yôko Hikasa,Sketchbook: Full Colors
Yôko Hikasa,Megazone 23: Blue Garland
Yôko Hikasa,Growlanser: Wayfarer of Time
Yôko Hikasa,M.U.G.E.N
Yôko Hikasa,Arifureta: From Commonplace to World's Strongest
Yôko Hikasa,Domestic Girlfriend
Yôko Hikasa,Rokka no Yuusha
Yôko Hikasa,Trinity Seven
Yôko Hikasa,If Her Flag Breaks
Yôko Hikasa,Infinite Stratos
Yôko Hikasa,Ace of Diamond
Yôko Hikasa,The Qwaser of Stigmata
Yôko Hikasa,Domestic Girlfriend
Yôko Hikasa,Seitokai Yakuindomo the Movie
Yôko Hikasa,WWW.Working!!
Yôko Hikasa,Rokka no Yuusha
Yôko Hikasa,Tamako Love Story
Yôko Hikasa,Seitokai yakuindomo
Yôko Hikasa,Hal
Yôko Hikasa,K-On! The Movie
Yôko Hikasa,K-On!
Yôko Hikasa,"Mon-Soni!: Senritsu no Lucifer, tada hitotsu no hajimari no uta"
Yôko Hikasa,Tokyo Skytree: sekai ichi no himitsu
Yôko Hikasa,Sakurai Takahiro no (warai): Kurisumasu SP
Yôko Hikasa,Vivy: Fluorite Eye's Song
Yuka Iguchi,Encouragement of Climb: Next Summit
Yuka Iguchi,Delicious Party Precure
Yuka Iguchi,Girls und Panzer OVA: Radish War!
Yuka Iguchi,Tawawa on Monday
Yuka Iguchi,Mushoku Tensei: Jobless Reincarnation
Yuka Iguchi,That Time I Got Reincarnated as a Slime: Isekai Memories
Yuka Iguchi,Strike the Blood
Yuka Iguchi,Fruits Basket
Yuka Iguchi,Girls und Panzer das Finale: Part III
Yuka Iguchi,Food Wars
Yuka Iguchi,"Re: Zero, Starting Life in Another World"
Yuka Iguchi,Honzuki no Gekokujou: Shisho ni Naru Tame ni wa Shudan o Erande Iraremasen - Eustachius no Shitamachi Sennyuu Daisakusen/Corinna-sama no Otaku Houmon
Yuka Iguchi,Ascendance of a Bookworm
Yuka Iguchi,Final Fantasy Brave Exvius: War of the Visions
Yuka Iguchi,Is It Wrong to Try to Pick Up Girls in a Dungeon?
Yuka Iguchi,Pokémon Masters
Yuka Iguchi,A Certain Magical Index: Imaginary Fest
Yuka Iguchi,Girls und Panzer das Finale: Part II
Yuka Iguchi,Boruto: Naruto Next Generations
Yuka Iguchi,Kemono Friends 2
Yuka Iguchi,Atelier Lulua: The Scion of Arland
Yuka Iguchi,Is It Wrong to Try to Pick Up Girls in a Dungeon - Arrow of the Orion
Yuka Iguchi,Goblin Slayer
Yuka Iguchi,Senran Kagura Shinovi Master: Tokyo Yoma-hen
Yuka Iguchi,Zoku Owarimonogatari
Yuka Iguchi,A Certain Magical Index
Yuka Iguchi,Rockman 11: Unmei no Haguruma!!
Yuka Iguchi,Dragalia Lost
Yuka Iguchi,Encouragement of Climb
Yuka Iguchi,Grand Blue
Yuka Iguchi,Tsukumogami Kashimasu
Yuka Iguchi,A Place Further Than the Universe
Yuka Iguchi,Onmyoji
Yuka Iguchi,Atelier Lydie & Suelle: Alchemists of the Mysterious Painting
Yuka Iguchi,Girls und Panzer das Finale: Part I
Yuka Iguchi,Shinobi Master Senran Kagura: New Link
Yuka Iguchi,To Love-Ru: Trouble - Multiplication - Mae kara Ushiro kara
Yuka Iguchi,Encouragement of Climb: Omoide Present
Yuka Iguchi,Aho Girl
Yuka Iguchi,Tenshi no 3P!
Yuka Iguchi,Owarimonogatari
Yuka Iguchi,Kakegurui
Yuka Iguchi,No Game No Life: Zero
Yuka Iguchi,Senran Kagura: Peach Beach Splash
Yuka Iguchi,Otoppe
Yuka Iguchi,Fire Emblem Heroes
Yuka Iguchi,Magia Record: Puella Magi Madoka Magica Side Story
Yuka Iguchi,Hip Whip Girl: Keijo!!!!!!
Yuka Iguchi,March Comes in Like a Lion
Yuka Iguchi,Ginga Kikoutai Majestic Prince Movie: Kakusei no Idenshi
Yuka Iguchi,Atelier Firis: The Alchemist and the Mysterious Journey
Yuka Iguchi,Lostorage incited Wixoss
Yuka Iguchi,Fairy Fencer F: Advent Dark Force
Yuka Iguchi,Flying Witch
Yuka Iguchi,Regalia: The Three Sacred Stars
Yuka Iguchi,Girls und Panzer der Film Special: Arisu War!
Yuka Iguchi,Tamayura: Graduation Photo Part 4 - Ashita
Yuka Iguchi,Koyomimonogatari
Yuka Iguchi,Owari no serafu
Yuka Iguchi,Valkyrie Drive: Mermaid
Yuka Iguchi,Chivalry of a Failed Knight
Yuka Iguchi,JoJo's Bizarre Adventure: Eyes of Heaven
Yuka Iguchi,Valkyrie Drive: Bhikkhuni
Yuka Iguchi,Tamayura: Graduation Photo Part 3 - Akogare
Yuka Iguchi,Girls und Panzer der Film
Yuka Iguchi,Atelier Sophie: The Alchemist of the Mysterious Book
Yuka Iguchi,Tamayura: Graduation Photo Part 2 - Hibiki
Yuka Iguchi,Senki Zessho Symphogear GX
Yuka Iguchi,Tamayura: Graduation Photo Part 1 - Kizashi
Yuka Iguchi,Senran Kagura: Estival Versus
Yuka Iguchi,Senran Kagura: Estival Versus - Festival Eve Full of Swimsuits
Yuka Iguchi,Shin Megami Tensei: Devil Survivor 2 Record Breaker
Yuka Iguchi,Kantai Collection: Kan Colle
Yuka Iguchi,Madan no Ou to Vanadis Mini Chara Gekijo: Tigre-kun to Vanadi-chu
Yuka Iguchi,Lord Marksman and Vanadis
Yuka Iguchi,Senran Kagura 2: Deep Crimson
Yuka Iguchi,Girls Und Panzer: This Is the Real Anzio Battle!
Yuka Iguchi,"No Game, No Life"
Yuka Iguchi,No Game No Life Specials
Yuka Iguchi,The World Is Still Beautiful
Yuka Iguchi,The Comic Artist and Assistants
Yuka Iguchi,Senran Kagura: Bon Appétit!
Yuka Iguchi,Sakura Trick
Yuka Iguchi,"My Little Sister is an ""Osaka Momma"""
Yuka Iguchi,Fairy Fencer F
Yuka Iguchi,The Garden of Sinners: Future Gospel
Yuka Iguchi,The Garden of Sinners: Future Gospel - Extra Chorus
Yuka Iguchi,Symphogear G
Yuka Iguchi,Monogatari Series: Second Season
Yuka Iguchi,Tamayura: More Aggressive
Yuka Iguchi,Senran Kagura: Ninja Flash!
Yuka Iguchi,The Burning Buddha Man
Yuka Iguchi,A Certain Scientific Railgun
Yuka Iguchi,Haganai: I Don't Have Many Friends
Yuka Iguchi,Girls und Panzer
Yuka Iguchi,Senran Kagura Shinovi Versus
Yuka Iguchi,A Certain Magical Index: The Movie - The Miracle of Endymion
Yuka Iguchi,Nekomonogatari (Kuro)
Yuka Iguchi,To Love-Ru - Darkness
Yuka Iguchi,The World of Arata
Yuka Iguchi,Chô Soku Henkei Gyrozetter
Yuka Iguchi,Senran Kagura Burst
Yuka Iguchi,Sankarea
Yuka Iguchi,Senki Zessho Symphogear
Yuka Iguchi,Nisemonogatari
Yuka Iguchi,Zero no tsukaima F
Yuka Iguchi,Mayo chiki!
Yuka Iguchi,Ro-Kyu-Bu!
Yuka Iguchi,Senran Kagura: Skirting Shadows
Yuka Iguchi,Shin Megami Tensei: Devil Survivor 2
Yuka Iguchi,Baby Princess 2D Paradaisu 0
Yuka Iguchi,Atelier Meruru: The Apprentice of Arland
Yuka Iguchi,Fractale
Yuka Iguchi,"Tamayura: Sore wa anohi no koto..., nanode"
Yuka Iguchi,"Tamayura: Minna de arukeba happî, nanode"
Yuka Iguchi,"Tamayura: Mizuiro no chiisana kippu, nanode"
Yuka Iguchi,"Tamayura: Disuki ga ippai no machi, nanode"
Yuka Iguchi,Bakemonogatari
Yuka Iguchi,Atelier Totori: The Adventurer of Arland
Yuka Iguchi,Demon King Daimao
Yuka Iguchi,Mayoi neko overrun!
Yuka Iguchi,Nyankoi!
Yuka Iguchi,Tokimeki Memorial: The First Finder
Yuka Iguchi,Nogizaka Haruka no Himitsu: Purezza
Yuka Iguchi,Kanamemo
Yuka Iguchi,Sweet Blue Flowers
Yuka Iguchi,Muramasa: The Demon Blade
Yuka Iguchi,Shanguri ra
Yuka Iguchi,Samurai Harem
Yuka Iguchi,Ichigo mashimaro encore: Konnichiwa
Yuka Iguchi,Toaru Majutsu no Index-tan
Yuka Iguchi,Kamen No Maid Guy
Yuka Iguchi,The Garden of Sinners: Oblivion Recording
Yuka Iguchi,The Familiar of Zero: Rondo of Princesses
Yuka Iguchi,Kaitô tenshi Tsuin enjeru: Jôkan
Yuka Iguchi,The Garden of Sinners: The Hollow Shrine
Yuka Iguchi,Yotsunoha Dai 2 wa
Yuka Iguchi,Indian Summer
Yuka Iguchi,Yotsunoha Dai 1 wa
Yuka Iguchi,My-Otome 0: S.ifr
Yuka Iguchi,True Tears
Yuka Iguchi,Blue Drop
Yuka Iguchi,The Strange Tale of a Dream Sphere Dealer
Yuka Iguchi,Shugo Chara!
Yuka Iguchi,Bokura no
Yuka Iguchi,Kenkô zenrakei suieibu umishô
Yuka Iguchi,Polyphonica
Yuka Iguchi,Kaze no Stigma
Yuka Iguchi,IDOLM@STER: Xenoglossia
Yuka Iguchi,Galaxy Angel Rune
Yuka Iguchi,Canvas2: Niji iro no sukecchi
Yuka Iguchi,Exorcist 2: Human Exorcism
Yuka Iguchi,Heavy Object
Yuka Iguchi,Strike the Blood
Yuka Iguchi,Haganai: I Don't Have Many Friends
Yuka Iguchi,Mayo chiki!
Yuka Iguchi,Is It Wrong to Try to Pick Up Girls in a Dungeon - Arrow of the Orion
Yuka Iguchi,A Place Further Than the Universe
Yuka Iguchi,DanMachi: Is It Wrong to Try to Pick Up Girls in a Dungeon? On the Side - Sword Oratoria
Yuka Iguchi,Lostorage incited Wixoss
Yuka Iguchi,Valkyrie Drive: Mermaid
Yuka Iguchi,Is It Wrong to Try to Pick Up Girls in a Dungeon?
Yuka Iguchi,A Certain Scientific Railgun
Yuka Iguchi,Nisemonogatari
Yuka Iguchi,Haganai: I Don't Have Many Friends
Yuka Iguchi,Mayo chiki!
Yuka Iguchi,Sakurai Takahiro no (warai): Kurisumasu SP
Yuka Iguchi,Turû tiâzu: Kochira chûrippu hôsôkyoku chucchô ban
Saori Hayami,Gekijouban Isekai Quartet: Another World
Saori Hayami,RWBY: Ice Queendom
Saori Hayami,Spy x Family
Saori Hayami,Heroines Run the Show: The Unpopular Girl and the Secret Task
Saori Hayami,Black Rock Shooter: Dawn Fall
Saori Hayami,Kotaro Lives Alone
Saori Hayami,The Irregular at Magic High School: Reminiscence Arc
Saori Hayami,My Senpai Is Annoying
Saori Hayami,Selection Project
Saori Hayami,My Next Life as a Villainess: All Routes Lead to Doom! The Pirate Who Summons Trouble
Saori Hayami,Boruto: Naruto Next Generations
Saori Hayami,Demon Slayer: Kimetsu no Yaiba
Saori Hayami,One Piece
Saori Hayami,Shin Megami Tensei V
Saori Hayami,Hula Fulla Dance
Saori Hayami,The Heike Story
Saori Hayami,86
Saori Hayami,Demon Slayer: The Hinokami Chronicles
Saori Hayami,Kimi to Fit Boxing
Saori Hayami,Otome Game no Hametsu Flag shika Nai Akuyaku Reijou ni Tensei shiteshimatta... OVA
Saori Hayami,I'm Standing on a Million Lives
Saori Hayami,The Honor at Magic High School
Saori Hayami,Tsukimichi: Moonlit Fantasy
Saori Hayami,Otome Game no Hametsu Flag shika Nai Akuyaku Reijou ni Tensei shiteshimatta...
Saori Hayami,"Welcome to Demon-School, Iruma-kun"
Saori Hayami,Bitter Woman's Lonely Meal
Saori Hayami,Mobile Suit Gundam: Hathaway
Saori Hayami,"Farewell, My Dear Cramer"
Saori Hayami,Dragon Quest: The Adventure of Dai
Saori Hayami,Girls und Panzer das Finale: Part III
Saori Hayami,Jujutsu Kaisen
Saori Hayami,Vlad Love
Saori Hayami,The Irregular at Magic High School
Saori Hayami,Sleepy Princess in the Demon Castle
Saori Hayami,By the Grace of the Gods
Saori Hayami,Over the Sky
Saori Hayami,Is It Wrong to Try to Pick Up Girls in a Dungeon?
Saori Hayami,Tales of the Rays: Last Cradle
Saori Hayami,Demon Slayer the Movie: Mugen Train
Saori Hayami,Burn the Witch
Saori Hayami,Genshin Impact
Saori Hayami,Uzaki-chan Wants to Hang Out!
Saori Hayami,Happy-Go-Lucky Days
Saori Hayami,"Hataraku Saibo!! Saikyo no Teki, Futatabi. Karada no Naka wa Cho Osawagi!"
Saori Hayami,My Teen Romantic Comedy SNAFU
Saori Hayami,Sword Art Online
Saori Hayami,Tales of Crestoria
Saori Hayami,Sakura Wars: The Animation
Saori Hayami,Exos Heroes
Saori Hayami,Tower of God
Saori Hayami,Isekai Quartet
Saori Hayami,One Punch Man: A Hero Nobody Knows
Saori Hayami,Fate/Grand Order - Absolute Demonic Front: Babylonia
Saori Hayami,Somali and the Forest Spirit
Saori Hayami,Tokyo Mirage Sessions #FE Encore
Saori Hayami,One Punch Man: OVA 2 #03 Genos to kioku sôshitsu
Saori Hayami,Sakura Wars
Saori Hayami,13 Sentinels: Aegis Rim
Saori Hayami,7th Dragon III Code: VFD - Nyadens Crisis!
Saori Hayami,One Punch Man: OVA 2 #01 Saitama to Sokosoko no Noryokumono-tachi
Saori Hayami,Code Vein
Saori Hayami,Kidou Senshi Gundam: Hikaru Inochi Chronicle U.C.
Saori Hayami,To the Abandoned Sacred Beasts
Saori Hayami,Daemon X Machina
Saori Hayami,Zenonzard: The Animation
Saori Hayami,The Rising of the Shield Hero
Saori Hayami,Mobile Suit Gundam: The Origin - Advent of the Red Comet
Saori Hayami,Girls und Panzer das Finale: Part II
Saori Hayami,For Whom the Alchemist Exists: The Movie
Saori Hayami,One Punch Man
Saori Hayami,Kakegurui
Saori Hayami,Devil May Cry 5
Saori Hayami,Is It Wrong to Try to Pick Up Girls in a Dungeon - Arrow of the Orion
Saori Hayami,Saga of Tanya the Evil - The Movie
Saori Hayami,BlazBlue: Central Fiction - Special Edition
Saori Hayami,Langrisser Mobile
Saori Hayami,Ace Combat 7: Skies Unknown
Saori Hayami,The Price of Smiles
Saori Hayami,Cells at Work!
Saori Hayami,Zoku Owarimonogatari
Saori Hayami,Release the Spyce
Saori Hayami,Godzilla: The Planet Eater
Saori Hayami,Haikara-san: Here Comes Miss Modern Part 2
Saori Hayami,Dragalia Lost
Saori Hayami,The Legend of Heroes: Trails of Cold Steel IV
Saori Hayami,Shining Resonance Refrain
Saori Hayami,Darling in the Franxx
Saori Hayami,Calamity of a Zombie Girl
Saori Hayami,BlazBlue: Cross Tag Battle
Saori Hayami,Jikken-hin Kazoku: Creatures Family Days
Saori Hayami,A Place Further Than the Universe
Saori Hayami,Valkyria Chronicles 4
Saori Hayami,Doraemon the Movie: Nobita's Treasure Island
Saori Hayami,Princess Connect Re: Dive
Saori Hayami,Tales of the Rays: Mirrage Prison
Saori Hayami,Onmyoji
Saori Hayami,Basilisk: The Ouka Ninja Scrolls
Saori Hayami,Land of the Lustrous
Saori Hayami,Fate/Apocrypha
Saori Hayami,Girls und Panzer das Finale: Part I
Saori Hayami,Xenoblade Chronicles 2
Saori Hayami,Haikara-San: Here Comes Miss Modern
Saori Hayami,Is the Order a Rabbit?? ~ Dear My Sister ~
Saori Hayami,Juuni Taisen
Saori Hayami,Sound! Euphonium the Movie: May the Melody Reach You!
Saori Hayami,The Legend of Heroes: Trails of Cold Steel III
Saori Hayami,Owarimonogatari
Saori Hayami,Under Night In-Birth: Exe: Late[St]
Saori Hayami,Battle Girl High School
Saori Hayami,The Irregular at Magic High School: The Girl Who Calls the Stars
Saori Hayami,God Wars: Toki o koete
Saori Hayami,Blame!
Saori Hayami,Anonymous Noise
Saori Hayami,Masamune-kun's Revenge
Saori Hayami,Tales of the Rays
Saori Hayami,Fire Emblem Heroes
Saori Hayami,Dissidia Final Fantasy: Opera Omnia
Saori Hayami,Valkyria Revolution
Saori Hayami,elDLIVE
Saori Hayami,Fuuka
Saori Hayami,Saga of Tanya the Evil
Saori Hayami,Magia Record: Puella Magi Madoka Magica Side Story
Saori Hayami,Hibike! Euphonium
Saori Hayami,Izetta: The Last Witch
Saori Hayami,Bloodivores
Saori Hayami,Mobile Suit Gundam: The Origin IV - Eve of Destiny
Saori Hayami,Myriad Colors Phantom World
Saori Hayami,Sweetness and Lightning
Saori Hayami,A Silent Voice: The Movie
Saori Hayami,Gantz: O
Saori Hayami,The Day Naruto Became Hokage
Saori Hayami,Shadowverse
Saori Hayami,Phoenix Wright Ace Attorney: Spirit of Justice
Saori Hayami,Girls und Panzer der Film Special: Arisu War!
Saori Hayami,Sound! Euphonium: The Movie - Welcome to the Kitauji High School Concert Band
Saori Hayami,One Punch Man - Wanpanman: Iroiro Ari-sugiru Kyôdai
Saori Hayami,Big Order
Saori Hayami,Snow White with the Red Hair
Saori Hayami,Utawarerumono: The False Faces
Saori Hayami,Naruto Shippûden: Ultimate Ninja Storm 4
Saori Hayami,Koyomimonogatari
Saori Hayami,Owari no serafu
Saori Hayami,Tokyo Mirage Sessions #FE
Saori Hayami,Is the Order a Rabbit?
Saori Hayami,JoJo's Bizarre Adventure: Eyes of Heaven
Saori Hayami,Noragami
Saori Hayami,Girls und Panzer der Film
Saori Hayami,BlazBlue: Central Fiction
Saori Hayami,7th Dragon III: Code: VFD
Saori Hayami,Tokyo Ghoul: Jack
Saori Hayami,Castle Town Dandelion
Saori Hayami,Fate/Grand Order
Saori Hayami,Boruto: Naruto The Movie
Saori Hayami,Yamada-kun to 7-nin no Majo
Saori Hayami,Shigatsu wa Kimi no Uso: Moments
Saori Hayami,Your Lie in April
Saori Hayami,Unlimited Fafnir
Saori Hayami,Ongaku shoujo
Saori Hayami,Tekken 7
Saori Hayami,The Idolm@ster Cinderella Girls
Saori Hayami,Tsukimonogatari
Saori Hayami,Rune Factory 4
Saori Hayami,Buddy Complex
Saori Hayami,Invaders of the Rokujyouma!?
Saori Hayami,Glasslip
Saori Hayami,The Legend of Heroes: Trails of Cold Steel II
Saori Hayami,When Supernatural Battles Became Commonplace
Saori Hayami,Initial D Arcade Stage 8 Infinity
Saori Hayami,Girls Und Panzer: This Is the Real Anzio Battle!
Saori Hayami,Soul Eater Not!
Saori Hayami,Initial D: Final Stage
Saori Hayami,Kamigami no asobi
Saori Hayami,Mahoka Koko no Rettosei
Saori Hayami,Heaven's Lost Property Final: Eternal My Master
Saori Hayami,Demon Gaze
Saori Hayami,The Comic Artist and Assistants
Saori Hayami,Nagi-Asu: A Lull in the Sea
Saori Hayami,Dengeki Bunko: Fighting Climax
Saori Hayami,Granblue Fantasy
Saori Hayami,Tales of Link
Saori Hayami,Sonny Boy & Dewdrop Girl
Saori Hayami,Monogatari Series: Second Season
Saori Hayami,The Legend of Heroes: Trails of Cold Steel
Saori Hayami,Anohana the Movie: The Flower We Saw That Day (Ano hi mita hana no namae wo bokutachi wa mada shiran
Saori Hayami,Ore no imouto ga konna ni kawaii wake ga nai
Saori Hayami,Short Peace
Saori Hayami,Leviathan: The Last Defense
Saori Hayami,RDG: Red Data Girl
Saori Hayami,Mugen Souls Z
Saori Hayami,Eiga Kureyon Shinchan: Bakauma! B-kyu gurume sabaibaru!!
Saori Hayami,The Pet Girl of Sakurasou
Saori Hayami,Sutâ doraibâ: The Movie
Saori Hayami,BlazBlue: Chrono Phantasma
Saori Hayami,Tales of Xillia 2
Saori Hayami,"Say ""I love you"""
Saori Hayami,Project X Zone
Saori Hayami,One Off
Saori Hayami,Tari Tari
Saori Hayami,Under Night In-Birth
Saori Hayami,Hyouka
Saori Hayami,Choyaku Hyakunin Isshu: Uta Koi
Saori Hayami,Combustible
Saori Hayami,Mugen Souls
Saori Hayami,Nisemonogatari
Saori Hayami,A Town Where You Live
Saori Hayami,Anohana: The Flower We Saw That Day - Letter to Menma
Saori Hayami,Bodacious Space Pirates
Saori Hayami,Morita-san is Taciturn
Saori Hayami,Eternal Quon 6: Eternal Quon
Saori Hayami,Ultimate Marvel vs. Capcom 3
Saori Hayami,Eternal Quon 5: The Return of the Invincible
Saori Hayami,Mobile Suit Gundam AGE
Saori Hayami,Eternal Quon 4: The Roaring Anxiety
Saori Hayami,Tales of Xillia
Saori Hayami,Eternal Quon 3: The Complicity of Dreams
Saori Hayami,Eternal Quon 2: Dancing Orchid in Chaos
Saori Hayami,Heaven's Lost Property the Movie: The Angeloid of Clockwork
Saori Hayami,Anohana: The Flower We Saw That Day
Saori Hayami,Eternal Quon 1: The Ephemeral Petal
Saori Hayami,Air Gear: Kuro no Hane to Nemuri no Mori
Saori Hayami,Miss Morita Is Taciturn
Saori Hayami,Super Veggie Torracman
Saori Hayami,Marvel vs. Capcom 3: Fate of Two Worlds
Saori Hayami,Katanagatari
Saori Hayami,Mazinkaiser SKL
Saori Hayami,Megane na Kanojo
Saori Hayami,Heaven's Lost Property
Saori Hayami,Bakuman.
Saori Hayami,Sekirei
Saori Hayami,Naruto Shippûden: The Lost Tower
Saori Hayami,Amagami SS
Saori Hayami,Eden of the East the Movie II: Paradise Lost
Saori Hayami,Gekijouban Fate/Stay Night: Unlimited Blade Works
Saori Hayami,Sasamekikoto
Saori Hayami,Eden of the East the Movie I: The King of Eden
Saori Hayami,Shin Megami Tensei: Strange Journey
Saori Hayami,Love Plus
Saori Hayami,At the Mercy of the Sky
Saori Hayami,Pokémon
Saori Hayami,Higashi no Eden
Saori Hayami,Basquash!
Saori Hayami,07-Ghost
Saori Hayami,Sekirei: Kusano's First Shopping Trip
Saori Hayami,Our Home's Fox Deity
Saori Hayami,Indian Summer
Saori Hayami,Shigofumi
Saori Hayami,Devil May Cry 4
Saori Hayami,Clannad
Saori Hayami,Tôka gettan
Saori Hayami,My Senpai Is Annoying
Saori Hayami,Kakegurui
Saori Hayami,Sekirei
Saori Hayami,Sakura Wars: The Animation
Saori Hayami,Code Vein
Saori Hayami,Astra Lost in Space
Saori Hayami,Kakegurui
Saori Hayami,A Place Further Than the Universe
Saori Hayami,Cardcaptor Sakura: Clear Card Arc
Saori Hayami,Haikara-San: Here Comes Miss Modern
Saori Hayami,Fuuka
Saori Hayami,One Punch Man - Wanpanman: The Murder Case That Is Too Impossible
Saori Hayami,One Punch Man - Wanpanman: Iroiro Ari-sugiru Kyôdai
Saori Hayami,Snow White with the Red Hair
Saori Hayami,Tsukimonogatari
Saori Hayami,Ore no imouto ga konna ni kawaii wake ga nai
Saori Hayami,My Teen Romantic Comedy SNAFU
Saori Hayami,Sword Art Online
Saori Hayami,Anohana: The Flower We Saw That Day
Saori Hayami,Star Driver
Saori Hayami,Higashi no Eden
Saori Hayami,Our Home's Fox Deity
Saori Hayami,Sekirei
Mamiko Noto,Yashahime: Princess Half-Demon
Mamiko Noto,Life with an Ordinary Guy Who Reincarnated Into a Total Fantasy Knockout
Mamiko Noto,Kaginado
Mamiko Noto,Love Live! Superstar!!
Mamiko Noto,Knights of Sidonia: Love Woven in the Stars
Mamiko Noto,Girls und Panzer das Finale: Part III
Mamiko Noto,Attack on Titan
Mamiko Noto,"Re: Zero, Starting Life in Another World"
Mamiko Noto,Golden Kamuy
Mamiko Noto,Shinchan: Crash! Scribble Kingdom and Almost Four Heroes
Mamiko Noto,"Hataraku Saibo!! Saikyo no Teki, Futatabi. Karada no Naka wa Cho Osawagi!"
Mamiko Noto,The Millionaire Detective: Balance - Unlimited
Mamiko Noto,Kakushigoto
Mamiko Noto,Food Wars
Mamiko Noto,Thus Spoke Kishibe Rohan 16: At a Confessional
Mamiko Noto,Konosuba!: God's Blessing on This Wonderful World! - Legend of Crimson
Mamiko Noto,Demon Slayer: Kimetsu no Yaiba
Mamiko Noto,Teppen
Mamiko Noto,Girls und Panzer das Finale: Part II
Mamiko Noto,Kakegurui
Mamiko Noto,Catherine: Full Body
Mamiko Noto,Langrisser Mobile
Mamiko Noto,Cells at Work!
Mamiko Noto,Persona Q2: New Cinema Labyrinth
Mamiko Noto,Penguin Highway
Mamiko Noto,Comic Girls
Mamiko Noto,The Seven Deadly Sins
Mamiko Noto,Persona 3: Dancing in Moonlight
Mamiko Noto,A Place Further Than the Universe
Mamiko Noto,Gintama
Mamiko Noto,Pop Team Epic
Mamiko Noto,Sword Art Online: Fatal Bullet
Mamiko Noto,Onmyoji
Mamiko Noto,Gintama ranbu
Mamiko Noto,Land of the Lustrous
Mamiko Noto,Welcome to the Ballroom
Mamiko Noto,Girls und Panzer das Finale: Part I
Mamiko Noto,Recovery of an MMO Junkie
Mamiko Noto,Xenoblade Chronicles 2
Mamiko Noto,Shinobi Master Senran Kagura: New Link
Mamiko Noto,To Love-Ru: Trouble - Multiplication - Mae kara Ushiro kara
Mamiko Noto,Sakura Quest
Mamiko Noto,No Game No Life: Zero
Mamiko Noto,Hell Girl: The Fourth Twilight
Mamiko Noto,Sinoalice
Mamiko Noto,Alice & Zouroku
Mamiko Noto,Atom the Beginning
Mamiko Noto,Dissidia Final Fantasy: Opera Omnia
Mamiko Noto,Please Tell Me! Galko-chan OAD: Is Summer Vacation Real?
Mamiko Noto,Tawawa on Monday
Mamiko Noto,ClassicaLoid
Mamiko Noto,Fate/Extella: The Umbral Star
Mamiko Noto,Pokémon Generations
Mamiko Noto,ViVid Strike!
Mamiko Noto,Qualidea Code
Mamiko Noto,JoJo's Bizarre Adventure
Mamiko Noto,Zero Escape: Zero Time Dilemma
Mamiko Noto,RIN-NE
Mamiko Noto,"Grimgar, Ashes and Illusions"
Mamiko Noto,Please Tell Me! Galko-chan
Mamiko Noto,Dimension W
Mamiko Noto,Fairy Tail
Mamiko Noto,World Trigger
Mamiko Noto,Persona 3 the Movie: #4 Winter of Rebirth
Mamiko Noto,Valkyrie Drive: Mermaid
Mamiko Noto,Girls und Panzer der Film
Mamiko Noto,Project X Zone 2
Mamiko Noto,Gangsta.
Mamiko Noto,Fate/Grand Order
Mamiko Noto,Wakaba Girl
Mamiko Noto,Return to PopoloCrois: A Story of Seasons Fairytale
Mamiko Noto,Your Lie in April
Mamiko Noto,Plastic Memories
Mamiko Noto,Kekkai Sensen
Mamiko Noto,Maria the Virgin Witch
Mamiko Noto,Doraemon: Nobita and the Space Heroes
Mamiko Noto,God Eater 2: Rage Burst
Mamiko Noto,Yatterman Night
Mamiko Noto,Uwabaki kukku
Mamiko Noto,Aikatsu! The Movie
Mamiko Noto,The Last: Naruto the Movie
Mamiko Noto,Naruto: Shippûden
Mamiko Noto,Aikatsu!
Mamiko Noto,Aldnoah.Zero
Mamiko Noto,Persona 4 Arena Ultimax
Mamiko Noto,Akame ga Kill!
Mamiko Noto,Persona Q: Shadow of the Labyrinth
Mamiko Noto,Brynhildr in the Darkness
Mamiko Noto,"No Game, No Life"
Mamiko Noto,No Game No Life Specials
Mamiko Noto,Knights of Sidonia
Mamiko Noto,Nanana's Buried Treasure
Mamiko Noto,Witch Craft Works
Mamiko Noto,Granblue Fantasy
Mamiko Noto,Bodacious Space Pirates: Abyss of Hyperspace
Mamiko Noto,Space Dandy
Mamiko Noto,Coppelion
Mamiko Noto,Drakengard 3
Mamiko Noto,Nagi-Asu: A Lull in the Sea
Mamiko Noto,Persona 3 the Movie: #1 Spring of Birth
Mamiko Noto,Gifuu Doudou!!: Kanetsugu to Keiji
Mamiko Noto,Freezing Vibration
Mamiko Noto,The Garden of Sinners: Future Gospel - Extra Chorus
Mamiko Noto,Hunter x Hunter
Mamiko Noto,Time and Eternity
Mamiko Noto,The Devil Is a Part-Timer!
Mamiko Noto,Summon Night 5
Mamiko Noto,Hyakka Ryoran: Samurai Bride
Mamiko Noto,Seinto Seiya: Omega
Mamiko Noto,Naruto SD: Rock Lee & His Ninja Pals
Mamiko Noto,Hanasaku Iroha: Home Sweet Home
Mamiko Noto,Tales of Hearts R
Mamiko Noto,A Certain Magical Index: The Movie - The Miracle of Endymion
Mamiko Noto,To Love-Ru - Darkness
Mamiko Noto,Tari Tari
Mamiko Noto,Cockroach Girls
Mamiko Noto,Zettai Junpaku: Mahou Shoujo
Mamiko Noto,Lagrange: The Flower of Rin-ne
Mamiko Noto,Persona 4 Arena
Mamiko Noto,Phantasy Star Online 2
Mamiko Noto,La storia della Arcana Famiglia
Mamiko Noto,Queen's Blade: Rebellion
Mamiko Noto,Polar Bear's Café
Mamiko Noto,Black Rock Shooter
Mamiko Noto,Gokujo.: Gokurakuin Joshikou Ryou Monogatari
Mamiko Noto,Zero no tsukaima F
Mamiko Noto,Naruto Shippûden: Ultimate Ninja Impact
Mamiko Noto,Mawaru-Penguindrum
Mamiko Noto,The Mystic Archives of Dantalian
Mamiko Noto,Tekken Tag Tournament 2
Mamiko Noto,Gekijouban Mahou sensei Negima! Anime Final
Mamiko Noto,Shin Megami Tensei: Devil Survivor Overclocked
Mamiko Noto,Manyuu hikenchou
Mamiko Noto,Ghastly Prince Enma Burning Up
Mamiko Noto,Gekijouban Sengoku Basara: The Last Party
Mamiko Noto,Pandora's Tower
Mamiko Noto,Hanasaku iroha
Mamiko Noto,Kimi ni Todoke: From Me to You
Mamiko Noto,Kampfer: Fur Die Liebe
Mamiko Noto,Drawer Hobbs
Mamiko Noto,Freezing
Mamiko Noto,Princess Jellyfish
Mamiko Noto,Motto to Love Ru
Mamiko Noto,A Certain Magical Index
Mamiko Noto,Monster Hunter Diary: Felyne Village
Mamiko Noto,Queen's Blade: Beautiful Warriors
Mamiko Noto,Sengoku Basara: Samurai Heroes
Mamiko Noto,B Gata H Kei: Yamada's First Time
Mamiko Noto,InuYasha: The Final Act
Mamiko Noto,Tono to Issho
Mamiko Noto,Summon Night Gran-These: Horobi no Tsurugi to Yakusoku no Kishi
Mamiko Noto,Halo Legends
Mamiko Noto,A Certain Scientific Railgun
Mamiko Noto,Professor Layton and the Eternal Diva
Mamiko Noto,Queen's Blade 2: The Evil Eye
Mamiko Noto,Nogizaka Haruka no Himitsu: Purezza
Mamiko Noto,Persona 3 Portable
Mamiko Noto,Shoujo Fight: Nora Inu-tachi no Odekake
Mamiko Noto,Aoi Bungaku Series
Mamiko Noto,Student Council's Discretion
Mamiko Noto,Taisho Baseball Girls
Mamiko Noto,Canaan
Mamiko Noto,Linebarrels of Iron
Mamiko Noto,To LOVE-Ru
Mamiko Noto,Utsurun Desu.
Mamiko Noto,Aika Zero
Mamiko Noto,Mejaa
Mamiko Noto,Sweet Blue Flowers
Mamiko Noto,Queen's Blade: The Exiled Virgin
Mamiko Noto,Dogs: Bullets & Carnage
Mamiko Noto,07-Ghost
Mamiko Noto,Sengoku Basara
Mamiko Noto,Hell Girl: Three Vessels
Mamiko Noto,Empty Can!
Mamiko Noto,Maria Watches Over Us
Mamiko Noto,Clannad: After Story
Mamiko Noto,The Garden of Sinners - Remix: Gate of Seventh Heaven
Mamiko Noto,Sonic and the Black Knight
Mamiko Noto,Ichigo mashimaro encore: Mata ashita
Mamiko Noto,Ichigo mashimaro encore: Konnichiwa
Mamiko Noto,Suikoden Tierkreis
Mamiko Noto,Tales of Hearts
Mamiko Noto,Professor Layton and the Unwound Future
Mamiko Noto,Naruto: Ultimate Ninja Storm
Mamiko Noto,Kaitô tenshi Tsuin enjeru: Gekan
Mamiko Noto,Haruka Nogizaka's Secret
Mamiko Noto,The Familiar of Zero: Rondo of Princesses
Mamiko Noto,Sukûru ranburu 3 gakki: Saishûkai
Mamiko Noto,Shiguma hâmonikkusu
Mamiko Noto,Kaitô tenshi Tsuin enjeru: Jôkan
Mamiko Noto,Fatal Frame: Mask of the Lunar Eclipse
Mamiko Noto,Kaiba
Mamiko Noto,Sukûru ranburu 3 gakki: Todoke! Watashi no omoi! Kudake chire! Ore no omoi! Ai wa shissô suru!
Mamiko Noto,Blade of the Immortal
Mamiko Noto,Trauma Center: Under the Knife 2
Mamiko Noto,Kanokon
Mamiko Noto,The Tower of DRUAGA: The Aegis of URUK
Mamiko Noto,The Garden of Sinners: The Hollow Shrine
Mamiko Noto,Munemoshune no musume tachi
Mamiko Noto,Valkyria Chronicles
Mamiko Noto,Himitsu: Top Secret - The Revelation
Mamiko Noto,Allison & Lillia
Mamiko Noto,Clannad
Mamiko Noto,Gunslinger Girl: Il Teatrino
Mamiko Noto,The Garden of Sinners: Remaining Sense of Pain
Mamiko Noto,Rune Factory 2: A Fantasy Harvest Moon
Mamiko Noto,Hell Girl: Two Mirrors
Mamiko Noto,Nodame kantâbire
Mamiko Noto,Sketchbook: Full Colors
Mamiko Noto,Professor Layton and the Diabolical Box
Mamiko Noto,Trauma Center: New Blood
Mamiko Noto,Aika R-16: Virgin Mission
Mamiko Noto,ASH: Archaic Sealed Heat
Mamiko Noto,Bokura no
Mamiko Noto,The Familiar of Zero: Knight of the Twin Moons
Mamiko Noto,Kiddy Grade: Truth Dawn
Mamiko Noto,Pokémon: The Rise of Darkrai
Mamiko Noto,Sola
Mamiko Noto,Princess Resurrection
Mamiko Noto,Polyphonica
Mamiko Noto,Odin Sphere
Mamiko Noto,Ichigo mashimaro: Orijinaru bideo animêshon - Mainichi.
Mamiko Noto,Persona 3 FES
Mamiko Noto,Pokémon
Mamiko Noto,Naruto Shippûden: Ultimate Ninja 4
Mamiko Noto,Ichigo mashimaro: Orijinaru bideo animêshon - Itsumo.
Mamiko Noto,Ichigo mashimaro: Orijinaru bideo animêshon - Keshiki.
Mamiko Noto,Mai otome: Tsuvai - Arashi no yokan
Mamiko Noto,Professor Layton and the Curious Village
Mamiko Noto,Yomigaeru sora: Rescue Wings
Mamiko Noto,Mai otome zwei
Mamiko Noto,Jeanne d'Arc
Mamiko Noto,Mahou Sensei Negima! OVA Natsu
Mamiko Noto,Demon Prince Enma
Mamiko Noto,Kenichi: The Mightiest Disciple
Mamiko Noto,Simoun
Mamiko Noto,Witchblade
Mamiko Noto,Mahou Sensei Negima! OVA Haru
Mamiko Noto,Shin Megami Tensei: Persona 3
Mamiko Noto,Yumetsukai
Mamiko Noto,Girl's High
Mamiko Noto,Fate/stay night
Mamiko Noto,Kamisama kazoku
Mamiko Noto,XXXHOLiC
Mamiko Noto,Hell Girl
Mamiko Noto,Mai otome
Mamiko Noto,The Law of Ueki
Mamiko Noto,Sergeant Keroro the Super Movie
Mamiko Noto,Key Princess Story Eternal Alice Rondo
Mamiko Noto,Full Metal Panic!
Mamiko Noto,Strawberry Marshmallow
Mamiko Noto,Ginban Kaleidoscope
Mamiko Noto,Naruto: Ultimate Ninja 3
Mamiko Noto,School Rumble: First Semester Extra
Mamiko Noto,Naruto
Mamiko Noto,Canvas2: Niji iro no sukecchi
Mamiko Noto,Strawberry 100% OAV
Mamiko Noto,Trinity Blood
Mamiko Noto,SoltyRei
Mamiko Noto,Monster
Mamiko Noto,Lupin III: Angel Tactics
Mamiko Noto,Loveless
Mamiko Noto,Strawberry 100%
Mamiko Noto,Elfen Lied
Mamiko Noto,Mai-HiME
Mamiko Noto,Makai Kingdom: Chronicles of the Sacred Tome
Mamiko Noto,Rockman. EXE: The Program of Light and Darkness
Mamiko Noto,Sergeant Keroro
Mamiko Noto,Negima!
Mamiko Noto,"Azusa, Otetsudai Shimasu!"
Mamiko Noto,Strawberry 100%: Love Starts!? Photography Training Camp-Shaking Heart Going to the East and West
Mamiko Noto,Tactics
Mamiko Noto,Inuyasha the Movie 4: Fire on the Mystic Island
Mamiko Noto,School Rumble
Mamiko Noto,Ichigo 100%: Koi ga hajimaru!? Satsuei gasshuku - yureru kokoro ga higashi e nishi e
Mamiko Noto,Inuyasha
Mamiko Noto,Girls Bravo
Mamiko Noto,Love Love?
Mamiko Noto,Paranoia Agent
Mamiko Noto,Clannad
Mamiko Noto,Smash Hit!
Mamiko Noto,Melody of Oblivion
Mamiko Noto,Gunslinger Girl
Mamiko Noto,Diamond Daydreams
Mamiko Noto,Burn-Up Scramble
Mamiko Noto,The Cosmopolitan Prayers
Mamiko Noto,The World of Narue
Mamiko Noto,InuYasha the Movie 3: Swords of an Honorable Ruler
Mamiko Noto,Aquarian Age Saga II: Don't Forget Me...
Mamiko Noto,"Yamibo: Darkness, the Hat & the Travelers of the Books"
Mamiko Noto,Marriage of God & Soul Godannar!!
Mamiko Noto,Tokyo Godfathers
Mamiko Noto,Shadow Star Narutaru
Mamiko Noto,Hoop Days
Mamiko Noto,Ganparêdo mâchî: Aratanaru kôgun uta
Mamiko Noto,Digimon Frontier
Mamiko Noto,Aquarian Age: Sign for Evolution
Mamiko Noto,Inuyasha the Movie: Affections Touching Across Time
Mamiko Noto,X
Mamiko Noto,X: An Omen
Mamiko Noto,Comic Party
Mamiko Noto,Magical DoReMi
Mamiko Noto,Digimon Adventure 02: Hurricane Touchdown!! The Golden Digimentals
Mamiko Noto,Boogiepop Never Laughs: Boogiepop Phantom
Mamiko Noto,Queen's Blade: The Exiled Virgin
Mamiko Noto,Witchblade
Mamiko Noto,Smash Hit!
Mamiko Noto,Tôka gettan
Mamiko Noto,Gangsta.
Mamiko Noto,Mawaru-Penguindrum
Mamiko Noto,Taisho Baseball Girls
Mamiko Noto,Witchblade
Mamiko Noto,Strawberry Marshmallow
Mamiko Noto,Smash Hit!
Mamiko Noto,Night Cruising
Mamiko Noto,Lady Luck Club
Mamiko Noto,Kawasumi Ayako no Best Communication
Kana Hanazawa,Drifting Home
Kana Hanazawa,The Quintessential Quintuplets Movie
Kana Hanazawa,Love After World Domination
Kana Hanazawa,Aharen-san wa Hakarenai
Kana Hanazawa,Akebi's Sailor Uniform
Kana Hanazawa,Police in a Pod
Kana Hanazawa,Jujutsu Kaisen 0: The Movie
Kana Hanazawa,"The Fruit of Evolution: Before I Knew It, My Life Had It Made"
Kana Hanazawa,The Great Jahy Will Not Be Defeated!
Kana Hanazawa,The Aquatope on White Sand
Kana Hanazawa,"Goodbye, Don Glees!"
Kana Hanazawa,Love Live! Superstar!!
Kana Hanazawa,Demon Slayer: The Hinokami Chronicles
Kana Hanazawa,Kaginado
Kana Hanazawa,Magia Record: Puella Magi Madoka Magica Side Story
Kana Hanazawa,The Honor at Magic High School
Kana Hanazawa,Pokémon
Kana Hanazawa,Kageki Shojo!!
Kana Hanazawa,Zombieland Saga
Kana Hanazawa,Seven Knights Revolution: The Hero's Successor
Kana Hanazawa,Love Deeply
Kana Hanazawa,Koikimo
Kana Hanazawa,Kemono Jihen
Kana Hanazawa,The Quintessential Quintuplets
Kana Hanazawa,Kiyo in Kyoto: From the Maiko House
Kana Hanazawa,Gekidol
Kana Hanazawa,World Trigger
Kana Hanazawa,Nagoya iki saishû ressha
Kana Hanazawa,The Irregular at Magic High School
Kana Hanazawa,Neptunia reVerse
Kana Hanazawa,Wandering Witch: The Journey of Elaina
Kana Hanazawa,Tales of the Rays: Last Cradle
Kana Hanazawa,Inu to Neko Docchi mo Katteru to Mainichi Tanoshii
Kana Hanazawa,Food Wars
Kana Hanazawa,Lapis Re:Lights
Kana Hanazawa,Happy-Go-Lucky Days
Kana Hanazawa,Pokémon Journeys: The Series
Kana Hanazawa,"Hataraku Saibo!! Saikyo no Teki, Futatabi. Karada no Naka wa Cho Osawagi!"
Kana Hanazawa,"Sing ""Yesterday"" for Me"
Kana Hanazawa,Gleipnir
Kana Hanazawa,Listeners
Kana Hanazawa,Psycho-Pass 3: First Inspector
Kana Hanazawa,The Case Files of Jeweler Richard
Kana Hanazawa,Granblue Fantasy: Versus
Kana Hanazawa,Uchi Tama?! Uchi no Tama Shirimasen ka?
Kana Hanazawa,Drifting Dragons
Kana Hanazawa,Santa Company
Kana Hanazawa,Psycho-Pass
Kana Hanazawa,The Legend of the Galactic Heroes: Die Neue These Seiran 2
Kana Hanazawa,Phantasy Star Online 2: Episode Oracle
Kana Hanazawa,Mix: Meisei Story
Kana Hanazawa,Demon Slayer: Kimetsu no Yaiba
Kana Hanazawa,The Legend of Hei
Kana Hanazawa,Cencoroll 2
Kana Hanazawa,Afterlost: Where I End and You Begin
Kana Hanazawa,Senryuu Girl
Kana Hanazawa,Hakubo
Kana Hanazawa,Human Lost
Kana Hanazawa,Bungou Stray Dogs
Kana Hanazawa,POP TEAM EPIC TV Special
Kana Hanazawa,Psycho-Pass: Sinners of the System Case.2 First Guardian
Kana Hanazawa,Kingdom Hearts III
Kana Hanazawa,Psycho-Pass: Sinners of the System Case.1 Crime and Punishment
Kana Hanazawa,Weathering with You
Kana Hanazawa,Cells at Work!
Kana Hanazawa,Persona Q2: New Cinema Labyrinth
Kana Hanazawa,Koi to uso
Kana Hanazawa,Zoku Owarimonogatari
Kana Hanazawa,Godzilla: The Planet Eater
Kana Hanazawa,Happy Sugar Life
Kana Hanazawa,Dragalia Lost
Kana Hanazawa,Steins;Gate Elite
Kana Hanazawa,Aragne: Sign of Vermillion
Kana Hanazawa,Phantom in the Twilight
Kana Hanazawa,Summer Pockets
Kana Hanazawa,Okko's Inn
Kana Hanazawa,Godzilla: City on the Edge of Battle
Kana Hanazawa,Layton Mystery Tanteisha: Katori no Nazotoki File
Kana Hanazawa,Steins;Gate 0
Kana Hanazawa,Cutie Honey Universe
Kana Hanazawa,Major 2nd
Kana Hanazawa,March Comes in Like a Lion
Kana Hanazawa,A Place Further Than the Universe
Kana Hanazawa,Princess Connect Re: Dive
Kana Hanazawa,Tales of the Rays: Mirrage Prison
Kana Hanazawa,Onmyoji
Kana Hanazawa,Dissidia Final Fantasy NT
Kana Hanazawa,Transforming Girls
Kana Hanazawa,Girls' Last Tour
Kana Hanazawa,Anime-Gataris
Kana Hanazawa,Godzilla: Planet of the Monsters
Kana Hanazawa,Tsuredure Children
Kana Hanazawa,Sagrada Reset
Kana Hanazawa,Fûsen inu Tinny: Nandaka fushigi-na kyôryû no kuni
Kana Hanazawa,Fireworks
Kana Hanazawa,Tenshi no 3P!
Kana Hanazawa,Owarimonogatari
Kana Hanazawa,Teekyu
Kana Hanazawa,The Irregular at Magic High School: The Girl Who Calls the Stars
Kana Hanazawa,Blame!
Kana Hanazawa,"The Night Is Short, Walk on Girl"
Kana Hanazawa,Gabriel DropOut
Kana Hanazawa,Blue Exorcist: Kyoto Saga
Kana Hanazawa,Tales of the Rays
Kana Hanazawa,Cyberdimension Neptunia: 4 Goddesses Online
Kana Hanazawa,Dissidia Final Fantasy: Opera Omnia
Kana Hanazawa,Danganronpa V3: Killing Harmony
Kana Hanazawa,Kingdom Hearts HD 2.8 Final Chapter Prologue
Kana Hanazawa,Yona of the Dawn OVA
Kana Hanazawa,Orange: Mirai
Kana Hanazawa,World of Final Fantasy
Kana Hanazawa,Poco's Udon World
Kana Hanazawa,Izetta: The Last Witch
Kana Hanazawa,Danganronpa 3: The End of Hope's Peak Academy - Hope Arc
Kana Hanazawa,Danganronpa 3: The End of Kibougamine Gakuen - Zetsubou-hen
Kana Hanazawa,Monster Strike
Kana Hanazawa,Your Name.
Kana Hanazawa,Orange
Kana Hanazawa,Rewrite
Kana Hanazawa,RIN-NE
Kana Hanazawa,Yu-Gi-Oh!: The Dark Side of Dimensions
Kana Hanazawa,Ushio & Tora
Kana Hanazawa,Durarara!!x2
Kana Hanazawa,Fairy Tail
Kana Hanazawa,Prison School
Kana Hanazawa,She and Her Cat: Everything Flows
Kana Hanazawa,Koyomimonogatari
Kana Hanazawa,Girls Beyond the Wasteland
Kana Hanazawa,Ojisan and Marshmallow
Kana Hanazawa,Prince of Stride: Alternative
Kana Hanazawa,Steins;Gate 0
Kana Hanazawa,Steins;Gate
Kana Hanazawa,Superdimension Neptune vs. Sega Hard Girls
Kana Hanazawa,Pigtails
Kana Hanazawa,Megatagmension Blanc: Neptune Vs Zombies
Kana Hanazawa,The Empire of Corpses
Kana Hanazawa,Castle Town Dandelion
Kana Hanazawa,Yamada-kun to 7-nin no Majo
Kana Hanazawa,Nisekoi
Kana Hanazawa,Persona 4: Dancing All Night
Kana Hanazawa,I Am Takamiya Nasuno!
Kana Hanazawa,Psycho-Pass: Mandatory Happiness
Kana Hanazawa,Maria the Virgin Witch
Kana Hanazawa,Kimi ga inakucha dame nanda
Kana Hanazawa,Unlimited Fafnir
Kana Hanazawa,Parasyte: The Maxim
Kana Hanazawa,Final Fantasy Type-0 HD
Kana Hanazawa,Dragon Quest Heroes: The World Tree's Woe and the Blight Below
Kana Hanazawa,Tales of Zestiria
Kana Hanazawa,Dog Days
Kana Hanazawa,Psycho-Pass: The Movie
Kana Hanazawa,Tokyo Ghoul: Root A
Kana Hanazawa,Hyperdimension Neptunia Re;Birth 3: V Generation
Kana Hanazawa,Yuki Yuna Is a Hero
Kana Hanazawa,If Her Flag Breaks
Kana Hanazawa,Infinite Stratos
Kana Hanazawa,Steins;Gate - The Sagacious Wisdom of Cognitive Computing
Kana Hanazawa,Akame ga Kill!
Kana Hanazawa,World Conquest Zvezda Plot
Kana Hanazawa,Persona 4 the Golden Animation
Kana Hanazawa,Persona 4 Arena Ultimax
Kana Hanazawa,Persona Q: Shadow of the Labyrinth
Kana Hanazawa,Tokyo Ghoul
Kana Hanazawa,Dragonar Academy
Kana Hanazawa,Nanana's Buried Treasure
Kana Hanazawa,The Kawai Complex Guide to Manors and Hostel Behavior
Kana Hanazawa,Tonari no Seki-kun: The Master of Killing Time
Kana Hanazawa,Mekakucity Actors
Kana Hanazawa,Nagi-Asu: A Lull in the Sea
Kana Hanazawa,Tokyo Ravens
Kana Hanazawa,Dengeki Bunko: Fighting Climax
Kana Hanazawa,Granblue Fantasy
Kana Hanazawa,Go! Go! Kaden Danshi
Kana Hanazawa,Tales of Link
Kana Hanazawa,Bodacious Space Pirates: Abyss of Hyperspace
Kana Hanazawa,Wanna be the Strongest in the World
Kana Hanazawa,Space Dandy
Kana Hanazawa,No-Rin
Kana Hanazawa,"Wake Up, Girls! 7 Nin No Idol the Movie"
Kana Hanazawa,Coppelion
Kana Hanazawa,Liberation Maiden SIN
Kana Hanazawa,Hyperdimension Neptunia Re;Birth 1
Kana Hanazawa,Freezing Vibration
Kana Hanazawa,A Certain Scientific Railgun
Kana Hanazawa,"WataMote: No Matter How I Look at It, It's You Guys' Fault I'm Not Popular!"
Kana Hanazawa,Ore no imouto ga konna ni kawaii wake ga nai
Kana Hanazawa,Kidou Senshi Gundam AGE: Memory of Eden
Kana Hanazawa,Time and Eternity
Kana Hanazawa,Leviathan: The Last Defense
Kana Hanazawa,Ro-Kyu-Bu! Tomoka no ichigo sunday
Kana Hanazawa,The Garden of Words
Kana Hanazawa,Saki Achiga-hen episode of side-A
Kana Hanazawa,Steins;Gate: Linear Bounded Phenogram
Kana Hanazawa,Steins;Gate: The Movie - Load Region of Déjà Vu
Kana Hanazawa,7th Dragon 2020-II
Kana Hanazawa,Aura: Koga Maryuin's Last War
Kana Hanazawa,Haganai: I Don't Have Many Friends
Kana Hanazawa,Sasami-san@Ganbaranai
Kana Hanazawa,The Troubled Life of Miss Kotoura
Kana Hanazawa,Polar Bear's Café
Kana Hanazawa,Blue Exorcist: The Movie
Kana Hanazawa,To Love-Ru - Darkness
Kana Hanazawa,Tonari no kaibutsu-kun
Kana Hanazawa,Gekijouban Inazuma irebun Go vs. Danbôru senki W
Kana Hanazawa,Psychic School Wars
Kana Hanazawa,Blast of Tempest
Kana Hanazawa,Campione!
Kana Hanazawa,Good Luck Girl!
Kana Hanazawa,Hyperdimension Neptunia Victory
Kana Hanazawa,Danganronpa 2: Goodbye Despair
Kana Hanazawa,Phantasy Star Online 2
Kana Hanazawa,Bodacious Space Pirates
Kana Hanazawa,Aquarion EVOL
Kana Hanazawa,Persona 4 Golden
Kana Hanazawa,Liberation Maiden
Kana Hanazawa,Sengoku Collection
Kana Hanazawa,Zetman
Kana Hanazawa,Inu x Boku SS
Kana Hanazawa,Black Rock Shooter
Kana Hanazawa,Guilty Crown
Kana Hanazawa,Nagareboshi Lens
Kana Hanazawa,Mejaa
Kana Hanazawa,Nisemonogatari
Kana Hanazawa,Carnival Phantasm
Kana Hanazawa,Fate/prototype
Kana Hanazawa,Morita-san is Taciturn
Kana Hanazawa,Infinite Stratos Encore: Sextet of Burning Love
Kana Hanazawa,Final Fantasy Type-0
Kana Hanazawa,Ao no ekusoshisuto: Kuro no iede
Kana Hanazawa,Mobile Suit Gundam AGE
Kana Hanazawa,Blue Exorcist
Kana Hanazawa,Mayo chiki!
Kana Hanazawa,Ro-Kyu-Bu!
Kana Hanazawa,The Mystic Archives of Dantalian
Kana Hanazawa,Baby Princess 2D Paradaisu 0
Kana Hanazawa,Deadman Wonderland
Kana Hanazawa,The Qwaser of Stigmata II
Kana Hanazawa,Cat Planet Cuties
Kana Hanazawa,Moshi koukou yakyuu no joshi manêjâ ga Dorakkâ no 'Manejimento' wo yondara
Kana Hanazawa,Hen zemi
Kana Hanazawa,Broken Blade: Enclave of Lamentations
Kana Hanazawa,Miss Morita Is Taciturn
Kana Hanazawa,Morita-san wa Mukuchi
Kana Hanazawa,Rune Factory: Tides of Destiny
Kana Hanazawa,Durarara!!
Kana Hanazawa,.hack//Quantum: The Worldend Pallbearer
Kana Hanazawa,Broken Blade: Edge of the Line of Death
Kana Hanazawa,Fractale
Kana Hanazawa,Freezing
Kana Hanazawa,Koutetsu no vendetta
Kana Hanazawa,.hack//Quantum: Wired Prisoner
Kana Hanazawa,Bungaku Shoujo Memoir III - Koi Suru Otome no Rhapsody
Kana Hanazawa,Angel Beats!
Kana Hanazawa,Tales of Graces f
Kana Hanazawa,.hack//Quantum: Walking Party
Kana Hanazawa,Megane na Kanojo
Kana Hanazawa,Motto to Love Ru
Kana Hanazawa,Break Blade: The Earth of Calamity
Kana Hanazawa,Bungaku Shoujo Memoir II -Sora-Mau Tenshi no Requiem-
Kana Hanazawa,Princess Jellyfish
Kana Hanazawa,Amagami SS
Kana Hanazawa,Otome youkai Zakuro
Kana Hanazawa,Occult Academy
Kana Hanazawa,Sekirei
Kana Hanazawa,Broken Blade: Scars from an Assassin's Blade
Kana Hanazawa,Maid Sama!
Kana Hanazawa,Black Rock Shooter
Kana Hanazawa,Hen Semi
Kana Hanazawa,Watashi no yasashikunai senpai
Kana Hanazawa,Bungaku Shoujo Memoir I -Yume-Miru Shoujo no Prelude
Kana Hanazawa,Broken Blade: The Split Path
Kana Hanazawa,B Gata H Kei: Yamada's First Time
Kana Hanazawa,Broken Blade: The Time of Awakening
Kana Hanazawa,Book Girl
Kana Hanazawa,Chaos Rings
Kana Hanazawa,Kobato.
Kana Hanazawa,The Qwaser of Stigmata
Kana Hanazawa,Lufia: Curse of the Sinistrals
Kana Hanazawa,Bakemonogatari
Kana Hanazawa,Bungaku Shôjo - Kyô no Oyatsu Hatsukoi
Kana Hanazawa,King of Thorn
Kana Hanazawa,Steins;Gate
Kana Hanazawa,Pandora Hearts
Kana Hanazawa,To LOVE-Ru
Kana Hanazawa,Cencoroll
Kana Hanazawa,(PW) Project Witch
Kana Hanazawa,Basquash!
Kana Hanazawa,Kannagi: Crazy Shrine Maidens
Kana Hanazawa,Samurai Harem
Kana Hanazawa,Tower of Druaga Part 2: The Sword of Uruk
Kana Hanazawa,Gunslinger Girl: Il Teatrino
Kana Hanazawa,Blassreiter
Kana Hanazawa,Someday's Dreamers II: Sora
Kana Hanazawa,Sketchbook: Full Colors
Kana Hanazawa,When They Cry: Kai
Kana Hanazawa,Potemayo
Kana Hanazawa,Mushiuta
Kana Hanazawa,Zegapain
Kana Hanazawa,Last Exile
Kana Hanazawa,Atelier Viorate: The Alchemist of Gramnad 2
Kana Hanazawa,Atelier Judie: The Alchemist of Gramnad
Kana Hanazawa,School Teachers
Kana Hanazawa,You're Under Arrest!
Kana Hanazawa,"The Fruit of Evolution: Before I Knew It, My Life Had It Made"
Kana Hanazawa,The Quintessential Quintuplets
Kana Hanazawa,If Her Flag Breaks
Kana Hanazawa,Infinite Stratos
Kana Hanazawa,Dragonar Academy
Kana Hanazawa,Haganai: I Don't Have Many Friends
Kana Hanazawa,Sekirei
Kana Hanazawa,TFW NO GF
Kana Hanazawa,The Quintessential Quintuplets
Kana Hanazawa,A Place Further Than the Universe
Kana Hanazawa,Gabriel DropOut
Kana Hanazawa,March Comes in Like a Lion
Kana Hanazawa,Girls Beyond the Wasteland
Kana Hanazawa,Nisekoi
Kana Hanazawa,Teekyu
Kana Hanazawa,Tonari no Seki-kun: The Master of Killing Time
Kana Hanazawa,Ore no imouto ga konna ni kawaii wake ga nai
Kana Hanazawa,From the New World
Kana Hanazawa,Polar Bear's Café
Kana Hanazawa,Haganai: I Don't Have Many Friends
Kana Hanazawa,Cat Planet Cuties
Kana Hanazawa,Hen zemi
Kana Hanazawa,Hen Semi
Kana Hanazawa,Angel Beats!
Kana Hanazawa,B Gata H Kei: Yamada's First Time
Kana Hanazawa,Bakemonogatari
Kana Hanazawa,Sekirei
Kana Hanazawa,Sketchbook: Full Colors
Kana Hanazawa,Songs of Tokyo Festival 2021
Kana Hanazawa,Monster Strike: Rain of Memories
Kana Hanazawa,Songs of Tokyo
